Index,City,State,Date,avgHigh (F),avgLow (F),avgUV,totalSun (hrs),avgSun (hrs),totalSnow (cm),avgSnow (cm)
200,Warren,Michigan,2017/6,78.17,63.67,0,456.2,15.21,0,0
200,Warren,Michigan,2017/7,84.65,71.13,0,413.2,13.33,0,0
200,Warren,Michigan,2017/8,81.84,68.61,0,318.5,10.27,0,0
200,Warren,Michigan,2017/9,73.2,58.73,0,281.9,9.4,0,0
200,Warren,Michigan,2017/10,61.29,50.03,0,247,7.97,1.3,0.04
200,Warren,Michigan,2017/11,41.47,34.03,0,205.4,6.85,3,0.1
200,Warren,Michigan,2017/12,27.65,21.61,0,179.6,5.79,15.5,0.5
200,Warren,Michigan,2018/1,28.77,20.06,0,195.1,6.29,19.8,0.64
200,Warren,Michigan,2018/2,35.64,25.32,0,207.4,7.41,24.2,0.86
200,Warren,Michigan,2018/3,40.61,28.68,0,272.6,8.79,10.3,0.33
200,Warren,Michigan,2018/4,47.63,34,0,262.5,8.75,6,0.2
200,Warren,Michigan,2018/5,72.29,57.03,0,329,10.61,0,0
200,Warren,Michigan,2018/6,77.1,64.53,0,438.1,14.6,0,0
201,Charleston,South Carolina,2017/6,81.63,74.4,0,319.8,10.66,0,0
201,Charleston,South Carolina,2017/7,94.03,82.68,0,343.3,11.07,0,0
201,Charleston,South Carolina,2017/8,90.39,81.29,0,309.8,9.99,0,0
201,Charleston,South Carolina,2017/9,84.37,73.1,0,304.7,10.16,0,0
201,Charleston,South Carolina,2017/10,75.48,64.55,0,291.1,9.39,0,0
201,Charleston,South Carolina,2017/11,65.57,52.13,0,268.8,8.96,0,0
201,Charleston,South Carolina,2017/12,54.77,46.45,0,238.3,7.69,0,0
201,Charleston,South Carolina,2018/1,50.94,36.84,0,266.9,8.61,7.6,0.25
201,Charleston,South Carolina,2018/2,66.46,53.93,0,241.2,8.61,0,0
201,Charleston,South Carolina,2018/3,63.23,47.29,0,300.8,9.7,0,0
201,Charleston,South Carolina,2018/4,69.27,54.97,0,311.8,10.39,0,0
201,Charleston,South Carolina,2018/5,78.45,70,0,314.8,10.15,0,0
201,Charleston,South Carolina,2018/6,85.5,77,0,291.5,9.72,0,0
202,Hampton,Virginia,2017/6,80.73,71.03,0,420.3,14.01,0,0
202,Hampton,Virginia,2017/7,90.19,79.97,0,403.5,13.02,0,0
202,Hampton,Virginia,2017/8,84.39,76.58,0,298.5,9.63,0,0
202,Hampton,Virginia,2017/9,76.97,68.03,0,278.9,9.3,0,0
202,Hampton,Virginia,2017/10,70.52,60.48,0,278.4,8.98,0,0
202,Hampton,Virginia,2017/11,55.9,46.47,0,209.1,6.97,0,0
202,Hampton,Virginia,2017/12,44.45,36.48,0,199,6.42,1.8,0.06
202,Hampton,Virginia,2018/1,43.26,29.06,0,266.5,8.6,2.2,0.07
202,Hampton,Virginia,2018/2,55.96,44.86,0,234.1,8.36,0,0
202,Hampton,Virginia,2018/3,50.97,40.03,0,285.4,9.21,2.8,0.09
202,Hampton,Virginia,2018/4,62.67,50.53,0,303.8,10.13,4,0.13
202,Hampton,Virginia,2018/5,78.94,68.42,0,350.3,11.3,0,0
202,Hampton,Virginia,2018/6,81.73,73.87,0,397.2,13.24,0,0
203,Surprise,Arizona,2017/6,104.77,77.67,0,426,14.2,0,0
203,Surprise,Arizona,2017/7,104.9,86.32,0,434.5,14.02,0,0
203,Surprise,Arizona,2017/8,104,83.81,0,412.9,13.32,0,0
203,Surprise,Arizona,2017/9,95.37,75.23,0,335.7,11.19,0,0
203,Surprise,Arizona,2017/10,90.13,64.94,0,292.6,9.44,0,0
203,Surprise,Arizona,2017/11,79.3,57.17,0,235.6,7.85,0,0
203,Surprise,Arizona,2017/12,68.65,44.55,0,233.2,7.52,0,0
203,Surprise,Arizona,2018/1,68.71,46.1,0,256.9,8.29,0,0
203,Surprise,Arizona,2018/2,67.32,45.25,0,291.8,10.42,0,0
203,Surprise,Arizona,2018/3,72.45,50.9,0,339.9,10.96,0,0
203,Surprise,Arizona,2018/4,86.23,60.17,0,370.6,12.35,0,0
203,Surprise,Arizona,2018/5,93.29,66.77,0,428.2,13.81,0,0
203,Surprise,Arizona,2018/6,99.97,75,0,420.2,14.01,0,0
204,Columbia,South Carolina,2017/6,84.5,71.67,0,314.5,10.48,0,0
204,Columbia,South Carolina,2017/7,95.48,80.94,0,347.2,11.2,0,0
204,Columbia,South Carolina,2017/8,91.42,77.52,0,302.6,9.76,0,0
204,Columbia,South Carolina,2017/9,83,66.8,0,290.6,9.69,0,0
204,Columbia,South Carolina,2017/10,74.29,57.52,0,288.2,9.3,0,0
204,Columbia,South Carolina,2017/11,61.9,46.33,0,264.3,8.81,0,0
204,Columbia,South Carolina,2017/12,51.29,41.58,0,242.4,7.82,0,0
204,Columbia,South Carolina,2018/1,50.97,32.65,0,257.1,8.29,2.9,0.09
204,Columbia,South Carolina,2018/2,66.54,50.32,0,229.8,8.21,0,0
204,Columbia,South Carolina,2018/3,63.13,44.65,0,303.4,9.79,0,0
204,Columbia,South Carolina,2018/4,70.67,51.5,0,308.7,10.29,0,0
204,Columbia,South Carolina,2018/5,82.77,67.68,0,295.7,9.54,0,0
204,Columbia,South Carolina,2018/6,88.53,73.63,0,324.7,10.82,0,0
205,Coral Springs,Florida,2017/6,84.93,78.27,0,318.9,10.63,0,0
205,Coral Springs,Florida,2017/7,93.81,87.16,0,333.3,10.75,0,0
205,Coral Springs,Florida,2017/8,93.19,85.45,0,298.7,9.64,0,0
205,Coral Springs,Florida,2017/9,87.93,78.53,0,280.2,9.34,0,0
205,Coral Springs,Florida,2017/10,80.87,73.71,0,259.3,8.36,0,0
205,Coral Springs,Florida,2017/11,78,69,0,257.3,8.58,0,0
205,Coral Springs,Florida,2017/12,73.65,62.39,0,264.8,8.54,0,0
205,Coral Springs,Florida,2018/1,70.71,57.03,0,248.9,8.03,0,0
205,Coral Springs,Florida,2018/2,78.86,67.21,0,232.8,8.31,0,0
205,Coral Springs,Florida,2018/3,77.13,58.68,0,334.4,10.79,0,0
205,Coral Springs,Florida,2018/4,81.5,65.7,0,299,9.97,0,0
205,Coral Springs,Florida,2018/5,81.16,72.1,0,257.6,8.31,0,0
205,Coral Springs,Florida,2018/6,85.27,74.27,0,278,9.27,0,0
206,Visalia,California,2017/6,93.43,68.63,0,433.9,14.46,0,0
206,Visalia,California,2017/7,109,82.94,0,437.5,14.11,0,0
206,Visalia,California,2017/8,105.03,79.19,0,359.6,11.6,0,0
206,Visalia,California,2017/9,92.97,66.5,0,341.5,11.38,0,0
206,Visalia,California,2017/10,83.26,51.16,0,340.7,10.99,0,0
206,Visalia,California,2017/11,69.2,47.27,0,227.5,7.58,0,0
206,Visalia,California,2017/12,61.87,35.1,0,254.5,8.21,0,0
206,Visalia,California,2018/1,58,42.19,0,267.3,8.62,0,0
206,Visalia,California,2018/2,61.82,40.86,0,290.4,10.37,0,0
206,Visalia,California,2018/3,61.94,45.29,0,296.3,9.56,0,0
206,Visalia,California,2018/4,75.2,53.33,0,330.2,11.01,0,0
206,Visalia,California,2018/5,83.06,61.29,0,418.9,13.51,0,0
206,Visalia,California,2018/6,91.57,66.87,0,435,14.5,0,0
207,Sterling Heights,Michigan,2017/6,78.4,63.23,0,457.2,15.24,0,0
207,Sterling Heights,Michigan,2017/7,84.03,70.35,0,411.9,13.29,0,0
207,Sterling Heights,Michigan,2017/8,81.19,67.71,0,316.2,10.2,0,0
207,Sterling Heights,Michigan,2017/9,73.5,58.13,0,284.6,9.49,0,0
207,Sterling Heights,Michigan,2017/10,60.97,49.45,0,249.8,8.06,0,0
207,Sterling Heights,Michigan,2017/11,41.07,33.5,0,206.9,6.9,3.3,0.11
207,Sterling Heights,Michigan,2017/12,27.35,21.35,0,175.3,5.65,14.9,0.48
207,Sterling Heights,Michigan,2018/1,28.74,19.03,0,194.1,6.26,25.4,0.82
207,Sterling Heights,Michigan,2018/2,35.32,24.71,0,207.5,7.41,42.7,1.53
207,Sterling Heights,Michigan,2018/3,40.74,27.19,0,278.2,8.97,21.1,0.68
207,Sterling Heights,Michigan,2018/4,47.83,33.23,0,266.3,8.88,21.3,0.71
207,Sterling Heights,Michigan,2018/5,72.03,56.9,0,333.6,10.76,0,0
207,Sterling Heights,Michigan,2018/6,76.87,63.93,0,444,14.8,0,0
208,Gainesville,Florida,2017/6,83.73,72.4,0,301.1,10.04,0,0
208,Gainesville,Florida,2017/7,95.23,82.29,0,332.6,10.73,0,0
208,Gainesville,Florida,2017/8,94.42,80.9,0,288.2,9.3,0,0
208,Gainesville,Florida,2017/9,86.27,73.6,0,273.9,9.13,0,0
208,Gainesville,Florida,2017/10,79.42,67.71,0,284,9.16,0,0
208,Gainesville,Florida,2017/11,72,57.4,0,256.4,8.55,0,0
208,Gainesville,Florida,2017/12,64.58,52.16,0,240.4,7.75,0,0
208,Gainesville,Florida,2018/1,59.29,40.87,0,266.5,8.6,0,0
208,Gainesville,Florida,2018/2,73.86,56.82,0,254.9,9.1,0,0
208,Gainesville,Florida,2018/3,70.55,48.84,0,313.7,10.12,0,0
208,Gainesville,Florida,2018/4,75.87,57.53,0,294.6,9.82,0,0
208,Gainesville,Florida,2018/5,82.42,69.29,0,300.3,9.69,0,0
208,Gainesville,Florida,2018/6,86.5,76.03,0,299.1,9.97,0,0
209,Cedar Rapids,Iowa,2017/6,80.2,62.07,0,421,14.03,0,0
209,Cedar Rapids,Iowa,2017/7,85.39,69.97,0,428.8,13.83,0,0
209,Cedar Rapids,Iowa,2017/8,81.23,60.52,0,322.3,10.4,0,0
209,Cedar Rapids,Iowa,2017/9,79.93,54.07,0,323.9,10.8,0,0
209,Cedar Rapids,Iowa,2017/10,60.16,45.58,0,251.2,8.1,0,0
209,Cedar Rapids,Iowa,2017/11,42.77,30.63,0,194,6.47,0,0
209,Cedar Rapids,Iowa,2017/12,29.03,20.19,0,200.8,6.48,4.6,0.15
209,Cedar Rapids,Iowa,2018/1,25.52,10.81,0,234.9,7.58,2.3,0.07
209,Cedar Rapids,Iowa,2018/2,29.18,15.79,0,221.3,7.9,15.6,0.56
209,Cedar Rapids,Iowa,2018/3,42.84,27.16,0,285.7,9.22,12.8,0.41
209,Cedar Rapids,Iowa,2018/4,48.37,30.93,0,278.8,9.29,22.1,0.74
209,Cedar Rapids,Iowa,2018/5,76.48,57.13,0,361.5,11.66,0,0
209,Cedar Rapids,Iowa,2018/6,80.37,66.07,0,370.6,12.35,0,0
210,New Haven,Connecticut,2017/6,74.03,64.2,0,400.5,13.35,0,0
210,New Haven,Connecticut,2017/7,84.9,73.39,0,416.1,13.42,0,0
210,New Haven,Connecticut,2017/8,82.13,71.42,0,362.2,11.68,0,0
210,New Haven,Connecticut,2017/9,72,62.33,0,280.7,9.36,0,0
210,New Haven,Connecticut,2017/10,64.52,56.19,0,255.6,8.25,0,0
210,New Haven,Connecticut,2017/11,47.2,39.23,0,196.7,6.56,0,0
210,New Haven,Connecticut,2017/12,34.13,28.39,0,185.2,5.97,15.9,0.51
210,New Haven,Connecticut,2018/1,32.74,22.65,0,218.7,7.05,4.7,0.15
210,New Haven,Connecticut,2018/2,40.93,32.86,0,224,8,11.1,0.4
210,New Haven,Connecticut,2018/3,42.06,31.81,0,251.1,8.1,45.4,1.46
210,New Haven,Connecticut,2018/4,49.9,40.73,0,282.1,9.4,7,0.23
210,New Haven,Connecticut,2018/5,66.68,57.97,0,386.2,12.46,0,0
210,New Haven,Connecticut,2018/6,73.27,63.9,0,386.2,12.87,0,0
211,Stamford,Connecticut,2017/6,75.23,65.53,0,398.3,13.28,0,0
211,Stamford,Connecticut,2017/7,86.39,73.42,0,415.1,13.39,0,0
211,Stamford,Connecticut,2017/8,83.71,72.06,0,352.9,11.38,0,0
211,Stamford,Connecticut,2017/9,73.2,62.7,0,284.9,9.5,0,0
211,Stamford,Connecticut,2017/10,65.71,56.71,0,259.9,8.38,0,0
211,Stamford,Connecticut,2017/11,47.77,39.6,0,196.8,6.56,0,0
211,Stamford,Connecticut,2017/12,34.68,29.23,0,183.4,5.92,13.9,0.45
211,Stamford,Connecticut,2018/1,33.65,22.35,0,222.8,7.19,3.7,0.12
211,Stamford,Connecticut,2018/2,42.29,34.11,0,219.1,7.83,9.7,0.35
211,Stamford,Connecticut,2018/3,41.35,31.94,0,257.1,8.29,48.4,1.56
211,Stamford,Connecticut,2018/4,50.27,41.2,0,285.3,9.51,9.6,0.32
211,Stamford,Connecticut,2018/5,68.52,57.97,0,382.3,12.33,0,0
211,Stamford,Connecticut,2018/6,74.6,64.5,0,380,12.67,0,0
212,Elizabeth,New Jersey,2017/6,78.47,66.4,0,400.3,13.34,0,0
212,Elizabeth,New Jersey,2017/7,88.03,77.19,0,419.1,13.52,0,0
212,Elizabeth,New Jersey,2017/8,87.77,74.74,0,345.1,11.13,0,0
212,Elizabeth,New Jersey,2017/9,76.93,63.9,0,286.8,9.56,0,0
212,Elizabeth,New Jersey,2017/10,69.23,57.94,0,264.4,8.53,0,0
212,Elizabeth,New Jersey,2017/11,49.47,39.53,0,199.9,6.66,0,0
212,Elizabeth,New Jersey,2017/12,35.84,29.23,0,173,5.58,12,0.39
212,Elizabeth,New Jersey,2018/1,36.13,25,0,228.5,7.37,4.6,0.15
212,Elizabeth,New Jersey,2018/2,46.39,36.11,0,221.4,7.91,5.6,0.2
212,Elizabeth,New Jersey,2018/3,43.48,32.45,0,256.8,8.28,62.4,2.01
212,Elizabeth,New Jersey,2018/4,53.13,42.17,0,275.7,9.19,12.6,0.42
212,Elizabeth,New Jersey,2018/5,71.97,59.71,0,375.2,12.1,0,0
212,Elizabeth,New Jersey,2018/6,77.2,65.63,0,377.6,12.59,0,0
213,Concord,California,2017/6,83.93,62.3,0,421.6,14.05,0,0
213,Concord,California,2017/7,91.19,66.48,0,410.6,13.25,0,0
213,Concord,California,2017/8,85.58,64.65,0,338,10.9,0,0
213,Concord,California,2017/9,80.7,62.27,0,317.5,10.58,0,0
213,Concord,California,2017/10,75.77,55.42,0,326.7,10.54,0,0
213,Concord,California,2017/11,60.43,50.47,0,200.5,6.68,0,0
213,Concord,California,2017/12,56.87,42.77,0,233.4,7.53,0,0
213,Concord,California,2018/1,57.26,44.19,0,255.7,8.25,0,0
213,Concord,California,2018/2,63.18,44.46,0,284.9,10.18,0,0
213,Concord,California,2018/3,62,45.13,0,294.9,9.51,0,0
213,Concord,California,2018/4,68.77,51.77,0,320,10.67,0,0
213,Concord,California,2018/5,73.68,58,0,401,12.94,0,0
213,Concord,California,2018/6,82.9,62.03,0,434,14.47,0,0
214,Thousand Oaks,California,2017/6,79.03,65.87,0,431.8,14.39,0,0
214,Thousand Oaks,California,2017/7,89.81,79.71,0,425.3,13.72,0,0
214,Thousand Oaks,California,2017/8,85.77,74.97,0,350.8,11.32,0,0
214,Thousand Oaks,California,2017/9,81.03,66.77,0,330.6,11.02,0,0
214,Thousand Oaks,California,2017/10,82.06,61.58,0,341.1,11,0,0
214,Thousand Oaks,California,2017/11,71.57,55.1,0,237.1,7.9,0,0
214,Thousand Oaks,California,2017/12,69.23,48.03,0,254.6,8.21,0,0
214,Thousand Oaks,California,2018/1,66.39,51.19,0,295.2,9.52,0,0
214,Thousand Oaks,California,2018/2,64.25,48.79,0,300.6,10.74,0,0
214,Thousand Oaks,California,2018/3,61.03,48.77,0,295.6,9.54,0,0
214,Thousand Oaks,California,2018/4,67.83,55,0,343,11.43,0,0
214,Thousand Oaks,California,2018/5,66.97,57.26,0,392.7,12.67,0,0
214,Thousand Oaks,California,2018/6,74.17,63.2,0,428.6,14.29,0,0
215,Kent,Washington,2017/6,71,57.2,0,444.7,14.82,0,0
215,Kent,Washington,2017/7,86.84,63.32,0,463.6,14.95,0,0
215,Kent,Washington,2017/8,87.03,68.55,0,371.4,11.98,0,0
215,Kent,Washington,2017/9,72.53,58.63,0,291.7,9.72,0,0
215,Kent,Washington,2017/10,59.26,48.32,0,259.3,8.36,0,0
215,Kent,Washington,2017/11,47.1,42.07,0,116.2,3.87,15.6,0.52
215,Kent,Washington,2017/12,42.32,36.03,0,161.7,5.22,1.1,0.04
215,Kent,Washington,2018/1,47.06,40,0,147.9,4.77,0,0
215,Kent,Washington,2018/2,45.86,37.96,0,192.5,6.87,7,0.25
215,Kent,Washington,2018/3,51.45,40.42,0,265.7,8.57,0,0
215,Kent,Washington,2018/4,56.7,46.43,0,265.7,8.86,0.1,0
215,Kent,Washington,2018/5,69.16,55,0,392,12.65,0,0
215,Kent,Washington,2018/6,70.2,57.63,0,438.6,14.62,0,0
216,Santa Clara,California,2017/6,77.43,61.1,0,425.7,14.19,0,0
216,Santa Clara,California,2017/7,94.58,72.65,0,405.8,13.09,0,0
216,Santa Clara,California,2017/8,90.45,70.9,0,350,11.29,0,0
216,Santa Clara,California,2017/9,79.83,64.77,0,307,10.23,0,0
216,Santa Clara,California,2017/10,75.06,57.9,0,325.5,10.5,0,0
216,Santa Clara,California,2017/11,61.57,51.47,0,218.5,7.28,0,0
216,Santa Clara,California,2017/12,60.55,45.94,0,251.1,8.1,0,0
216,Santa Clara,California,2018/1,59.61,46.45,0,272.1,8.78,0,0
216,Santa Clara,California,2018/2,63.07,46.57,0,282.1,10.08,0,0
216,Santa Clara,California,2018/3,61.65,47.52,0,290.7,9.38,0,0
216,Santa Clara,California,2018/4,67.5,51.9,0,326.5,10.88,0,0
216,Santa Clara,California,2018/5,70.87,55.58,0,392.8,12.67,0,0
216,Santa Clara,California,2018/6,76.97,59.87,0,434,14.47,0,0
217,Simi Valley,California,2017/6,82.07,68.2,0,431.8,14.39,0,0
217,Simi Valley,California,2017/7,93.55,79.55,0,425.8,13.74,0,0
217,Simi Valley,California,2017/8,89.42,76.06,0,351,11.32,0,0
217,Simi Valley,California,2017/9,82.63,67,0,330.6,11.02,0,0
217,Simi Valley,California,2017/10,82.26,59.84,0,340.9,11,0,0
217,Simi Valley,California,2017/11,71.33,52.77,0,234.8,7.83,0,0
217,Simi Valley,California,2017/12,68.03,45.52,0,254.6,8.21,0,0
217,Simi Valley,California,2018/1,70.16,53.23,0,294.1,9.49,0,0
217,Simi Valley,California,2018/2,68.36,51.71,0,297.8,10.64,0,0
217,Simi Valley,California,2018/3,64.1,50.13,0,292.8,9.45,0,0
217,Simi Valley,California,2018/4,72.13,56.03,0,341.6,11.39,0,0
217,Simi Valley,California,2018/5,72.94,59.06,0,390.9,12.61,0,0
217,Simi Valley,California,2018/6,78.07,64.77,0,429.7,14.32,0,0
218,Lafayette,Louisiana,2017/6,82.63,72.43,0,307,10.23,0,0
218,Lafayette,Louisiana,2017/7,94.32,79.84,0,338.9,10.93,0,0
218,Lafayette,Louisiana,2017/8,89.58,77.35,0,286.2,9.23,0,0
218,Lafayette,Louisiana,2017/9,84.43,66.7,0,291.7,9.72,0,0
218,Lafayette,Louisiana,2017/10,78.52,60.84,0,311.5,10.05,0,0
218,Lafayette,Louisiana,2017/11,68.9,53.6,0,267.7,8.92,0,0
218,Lafayette,Louisiana,2017/12,56.16,45.03,0,217.2,7.01,4.7,0.15
218,Lafayette,Louisiana,2018/1,53.65,38.9,0,261,8.42,0.8,0.03
218,Lafayette,Louisiana,2018/2,66.86,56.89,0,203.8,7.28,0,0
218,Lafayette,Louisiana,2018/3,70,55.48,0,299.4,9.66,0,0
218,Lafayette,Louisiana,2018/4,72.27,55.4,0,299,9.97,0,0
218,Lafayette,Louisiana,2018/5,85.23,69.13,0,328.2,10.59,0,0
218,Lafayette,Louisiana,2018/6,87.73,75.77,0,279.4,9.31,0,0
219,Topeka,Kansas,2017/6,84.47,65.1,0,423.7,14.12,0,0
219,Topeka,Kansas,2017/7,92.16,73.39,0,352.9,11.38,0,0
219,Topeka,Kansas,2017/8,85.23,63.77,0,337.2,10.88,0,0
219,Topeka,Kansas,2017/9,80.33,58.3,0,311.1,10.37,0,0
219,Topeka,Kansas,2017/10,66.1,47.87,0,296.3,9.56,0,0
219,Topeka,Kansas,2017/11,51.23,36.6,0,247.9,8.26,0,0
219,Topeka,Kansas,2017/12,39.19,24.94,0,246.3,7.95,0.4,0.01
219,Topeka,Kansas,2018/1,37.45,18.77,0,265.4,8.56,3.4,0.11
219,Topeka,Kansas,2018/2,41.54,24.07,0,241.7,8.63,4.5,0.16
219,Topeka,Kansas,2018/3,53.81,35.06,0,280,9.03,0,0
219,Topeka,Kansas,2018/4,55.33,37.6,0,289.6,9.65,2.7,0.09
219,Topeka,Kansas,2018/5,83.81,62.48,0,314.2,10.14,0,0
219,Topeka,Kansas,2018/6,88.4,70.23,0,390.9,13.03,0,0
220,Athens,Georgia,2017/6,82.6,68.83,0,317.7,10.59,0,0
220,Athens,Georgia,2017/7,95.77,78.32,0,354,11.42,0,0
220,Athens,Georgia,2017/8,89.65,74.71,0,302.2,9.75,0,0
220,Athens,Georgia,2017/9,80.63,65.17,0,302.8,10.09,0,0
220,Athens,Georgia,2017/10,71.35,55.9,0,290.4,9.37,0,0
220,Athens,Georgia,2017/11,59.8,47.3,0,244.4,8.15,0,0
220,Athens,Georgia,2017/12,49.52,40.58,0,234.1,7.55,1.9,0.06
220,Athens,Georgia,2018/1,48.77,31.39,0,270,8.71,0.9,0.03
220,Athens,Georgia,2018/2,62.89,48.11,0,211.1,7.54,0,0
220,Athens,Georgia,2018/3,61.16,42.68,0,287.6,9.28,0,0
220,Athens,Georgia,2018/4,67.73,48.53,0,309,10.3,0,0
220,Athens,Georgia,2018/5,79.32,64.19,0,290,9.35,0,0
220,Athens,Georgia,2018/6,86.33,70.97,0,312.3,10.41,0,0
221,Round Rock,Texas,2017/6,88.37,70.93,0,311.9,10.4,0,0
221,Round Rock,Texas,2017/7,98.1,79.23,0,355.1,11.45,0,0
221,Round Rock,Texas,2017/8,92.68,78,0,313.1,10.1,0,0
221,Round Rock,Texas,2017/9,86.6,69.2,0,303.7,10.12,0,0
221,Round Rock,Texas,2017/10,76,59.06,0,298.5,9.63,0,0
221,Round Rock,Texas,2017/11,68.97,55.53,0,241,8.03,0,0
221,Round Rock,Texas,2017/12,55.52,42.32,0,212.1,6.84,0,0
221,Round Rock,Texas,2018/1,54.1,35.39,0,272.3,8.78,0.3,0.01
221,Round Rock,Texas,2018/2,59.11,45.57,0,199.2,7.11,0,0
221,Round Rock,Texas,2018/3,72.19,52.13,0,291,9.39,0,0
221,Round Rock,Texas,2018/4,73.47,55.13,0,295.8,9.86,0,0
221,Round Rock,Texas,2018/5,87,67.61,0,307.6,9.92,0,0
221,Round Rock,Texas,2018/6,91.27,74.4,0,299.9,10,0,0
222,Hartford,Connecticut,2017/6,76.83,64.27,0,398.8,13.29,0,0
222,Hartford,Connecticut,2017/7,87.77,72.61,0,413.3,13.33,0,0
222,Hartford,Connecticut,2017/8,83.74,69.77,0,353.9,11.42,0,0
222,Hartford,Connecticut,2017/9,73.77,61,0,275.3,9.18,0,0
222,Hartford,Connecticut,2017/10,65.68,53.81,0,247.7,7.99,0,0
222,Hartford,Connecticut,2017/11,45.5,36.2,0,194.9,6.5,0,0
222,Hartford,Connecticut,2017/12,32.03,25.42,0,193.8,6.25,11.6,0.37
222,Hartford,Connecticut,2018/1,32,20.35,0,210.5,6.79,7.4,0.24
222,Hartford,Connecticut,2018/2,42.93,31.25,0,232.3,8.3,9,0.32
222,Hartford,Connecticut,2018/3,42.58,30.97,0,244.9,7.9,22.2,0.72
222,Hartford,Connecticut,2018/4,51.43,38.83,0,287.2,9.57,3.3,0.11
222,Hartford,Connecticut,2018/5,70.48,56.77,0,393.8,12.7,0,0
222,Hartford,Connecticut,2018/6,76.63,62.57,0,393.7,13.12,0,0
223,Norman,Oklahoma,2017/6,83.13,66.27,0,324.6,10.82,0,0
223,Norman,Oklahoma,2017/7,96.16,76.58,0,358.5,11.56,0,0
223,Norman,Oklahoma,2017/8,89.87,71.48,0,329.9,10.64,0,0
223,Norman,Oklahoma,2017/9,84.03,62.77,0,307.8,10.26,0,0
223,Norman,Oklahoma,2017/10,71,50.97,0,317.9,10.25,0,0
223,Norman,Oklahoma,2017/11,58.93,43.83,0,246.3,8.21,0,0
223,Norman,Oklahoma,2017/12,46.35,32.32,0,247.4,7.98,0,0
223,Norman,Oklahoma,2018/1,44.68,27.35,0,292.8,9.45,0,0
223,Norman,Oklahoma,2018/2,49.25,31.93,0,261.6,9.34,0,0
223,Norman,Oklahoma,2018/3,60.26,42,0,302.6,9.76,0,0
223,Norman,Oklahoma,2018/4,62.37,43.63,0,301,10.03,1.3,0.04
223,Norman,Oklahoma,2018/5,82.52,63.74,0,335.2,10.81,0,0
223,Norman,Oklahoma,2018/6,87.6,71.63,0,319.3,10.64,0,0
224,Victorville,California,2017/6,93.07,72.5,0,431.3,14.38,0,0
224,Victorville,California,2017/7,100,85.39,0,440.1,14.2,0,0
224,Victorville,California,2017/8,96.29,79.87,0,361.5,11.66,0,0
224,Victorville,California,2017/9,83.47,63.57,0,341.4,11.38,0,0
224,Victorville,California,2017/10,77.71,52.32,0,339.6,10.95,0,0
224,Victorville,California,2017/11,68.43,44.7,0,240,8,0,0
224,Victorville,California,2017/12,60.13,35.39,0,259.7,8.38,0,0
224,Victorville,California,2018/1,61.1,40.55,0,289.7,9.35,0,0
224,Victorville,California,2018/2,60.32,39.21,0,306.2,10.94,0.3,0.01
224,Victorville,California,2018/3,61.26,42.23,0,328.9,10.61,0,0
224,Victorville,California,2018/4,75.43,52.6,0,343.3,11.44,0,0
224,Victorville,California,2018/5,80.9,58.94,0,425.2,13.72,0,0
224,Victorville,California,2018/6,91.53,70.27,0,432.7,14.42,0,0
225,Fargo,North Dakota,2017/6,76.57,57.83,0,460.7,15.36,0,0
225,Fargo,North Dakota,2017/7,88.39,65.97,0,475.4,15.34,0,0
225,Fargo,North Dakota,2017/8,80.68,59.03,0,322,10.39,0,0
225,Fargo,North Dakota,2017/9,70.83,50.97,0,285.2,9.51,0,0
225,Fargo,North Dakota,2017/10,54.74,38.03,0,275.8,8.9,0,0
225,Fargo,North Dakota,2017/11,31.6,22.27,0,187.6,6.25,2.3,0.08
225,Fargo,North Dakota,2017/12,18.97,10.68,0,122,3.94,0.6,0.02
225,Fargo,North Dakota,2018/1,15.84,5.58,0,166.6,5.37,3.9,0.13
225,Fargo,North Dakota,2018/2,14.57,0.68,0,229.1,8.18,22.7,0.81
225,Fargo,North Dakota,2018/3,32.42,19.58,0,226.7,7.31,53.6,1.73
225,Fargo,North Dakota,2018/4,42.1,25.47,0,276.9,9.23,10,0.33
225,Fargo,North Dakota,2018/5,73.23,51.61,0,425.1,13.71,0,0
225,Fargo,North Dakota,2018/6,78.43,61.1,0,450.2,15.01,0,0
226,Berkeley,California,2017/6,69.6,57.33,0,415.5,13.85,0,0
226,Berkeley,California,2017/7,85.42,63.16,0,403.8,13.03,0,0
226,Berkeley,California,2017/8,77.84,62.87,0,329.4,10.63,0,0
226,Berkeley,California,2017/9,72.87,61.53,0,299.2,9.97,0,0
226,Berkeley,California,2017/10,69.84,56.35,0,319.4,10.3,0,0
226,Berkeley,California,2017/11,58.63,52.7,0,193.6,6.45,0,0
226,Berkeley,California,2017/12,57.48,46.16,0,230.9,7.45,0,0
226,Berkeley,California,2018/1,54,45.26,0,255.5,8.24,0,0
226,Berkeley,California,2018/2,58.14,43.71,0,285.4,10.19,0,0
226,Berkeley,California,2018/3,57.06,45.06,0,297.7,9.6,0,0
226,Berkeley,California,2018/4,61.07,48.97,0,317.5,10.58,0,0
226,Berkeley,California,2018/5,63.29,53.55,0,385.3,12.43,0,0
226,Berkeley,California,2018/6,68.43,56.4,0,427.8,14.26,0,0
227,Vallejo,California,2017/6,75.5,59.7,0,423.7,14.12,0,0
227,Vallejo,California,2017/7,89.35,66.13,0,406.7,13.12,0,0
227,Vallejo,California,2017/8,84.74,63.87,0,340.4,10.98,0,0
227,Vallejo,California,2017/9,80.87,61.43,0,313.6,10.45,0,0
227,Vallejo,California,2017/10,76.71,54.61,0,324.7,10.47,0,0
227,Vallejo,California,2017/11,60.17,49.87,0,195.3,6.51,0,0
227,Vallejo,California,2017/12,58.13,41.23,0,229.8,7.41,0,0
227,Vallejo,California,2018/1,54.97,43.16,0,257.2,8.3,0,0
227,Vallejo,California,2018/2,61.04,41.14,0,286.7,10.24,0,0
227,Vallejo,California,2018/3,59.39,43.16,0,290.8,9.38,0,0
227,Vallejo,California,2018/4,64.77,49.13,0,319,10.63,0,0
227,Vallejo,California,2018/5,68.71,54.65,0,396,12.77,0,0
227,Vallejo,California,2018/6,74.13,57.9,0,432.9,14.43,0,0
228,Abilene,Texas,2017/6,87.7,67.67,0,335.5,11.18,0,0
228,Abilene,Texas,2017/7,99.16,80.32,0,353.7,11.41,0,0
228,Abilene,Texas,2017/8,91.81,74.97,0,331,10.68,0,0
228,Abilene,Texas,2017/9,85.3,65.27,0,307.6,10.25,0,0
228,Abilene,Texas,2017/10,74.26,53.61,0,333.5,10.76,0,0
228,Abilene,Texas,2017/11,64.63,47.23,0,255.8,8.53,0,0
228,Abilene,Texas,2017/12,51.35,35.68,0,236.8,7.64,2,0.06
228,Abilene,Texas,2018/1,51.58,30.81,0,309.9,10,0,0
228,Abilene,Texas,2018/2,56.39,36.11,0,264,9.43,0,0
228,Abilene,Texas,2018/3,68.13,46.84,0,327.7,10.57,0,0
228,Abilene,Texas,2018/4,70.27,47.57,0,319,10.63,0,0
228,Abilene,Texas,2018/5,87,63.94,0,345.5,11.15,0,0
228,Abilene,Texas,2018/6,93.13,71.27,0,339,11.3,0,0
229,Columbia,Missouri,2017/6,83.33,64.17,0,417.4,13.91,0,0
229,Columbia,Missouri,2017/7,92.74,73.61,0,402.4,12.98,0,0
229,Columbia,Missouri,2017/8,84.77,64.23,0,327.2,10.55,0,0
229,Columbia,Missouri,2017/9,80.9,58.1,0,327.5,10.92,0,0
229,Columbia,Missouri,2017/10,65.61,49.19,0,286.6,9.25,0,0
229,Columbia,Missouri,2017/11,51.87,36.87,0,205.8,6.86,0,0
229,Columbia,Missouri,2017/12,37.81,26.23,0,203.8,6.57,0.7,0.02
229,Columbia,Missouri,2018/1,35.55,21.48,0,256.6,8.28,1.1,0.04
229,Columbia,Missouri,2018/2,43.14,27.46,0,230.7,8.24,4.1,0.15
229,Columbia,Missouri,2018/3,48.87,36.77,0,266.7,8.6,0.2,0.01
229,Columbia,Missouri,2018/4,55.13,38.93,0,289.7,9.66,2.5,0.08
229,Columbia,Missouri,2018/5,82.81,62.35,0,366.7,11.83,0,0
229,Columbia,Missouri,2018/6,87.57,70.53,0,403.1,13.44,0,0
230,Ann Arbor,Michigan,2017/6,77.43,62.8,0,450.2,15.01,0,0
230,Ann Arbor,Michigan,2017/7,83.23,68.55,0,417.5,13.47,0,0
230,Ann Arbor,Michigan,2017/8,79.48,63.26,0,305.8,9.86,0,0
230,Ann Arbor,Michigan,2017/9,74,55.07,0,279.4,9.31,0,0
230,Ann Arbor,Michigan,2017/10,61.03,46.61,0,251.6,8.12,0,0
230,Ann Arbor,Michigan,2017/11,41.53,33.27,0,213.9,7.13,0,0
230,Ann Arbor,Michigan,2017/12,28.19,21.35,0,191.9,6.19,15.3,0.49
230,Ann Arbor,Michigan,2018/1,27.9,16.81,0,180.2,5.81,18.5,0.6
230,Ann Arbor,Michigan,2018/2,34.46,23.54,0,205.8,7.35,31,1.11
230,Ann Arbor,Michigan,2018/3,40.61,25.77,0,283.4,9.14,18.7,0.6
230,Ann Arbor,Michigan,2018/4,48.43,32.97,0,254.7,8.49,6.6,0.22
230,Ann Arbor,Michigan,2018/5,73.29,55.87,0,310.8,10.03,0,0
230,Ann Arbor,Michigan,2018/6,77.47,63.67,0,421.8,14.06,0,0
231,Allentown,Pennsylvania,2017/6,77.37,64.8,0,392,13.07,0,0
231,Allentown,Pennsylvania,2017/7,86.97,72.03,0,407.7,13.15,0,0
231,Allentown,Pennsylvania,2017/8,82.16,67.39,0,324.1,10.45,0,0
231,Allentown,Pennsylvania,2017/9,73.83,58.23,0,291.9,9.73,0,0
231,Allentown,Pennsylvania,2017/10,64.84,49.71,0,263.2,8.49,0,0
231,Allentown,Pennsylvania,2017/11,46,34.8,0,198.4,6.61,0,0
231,Allentown,Pennsylvania,2017/12,32.77,24.84,0,178.5,5.76,9.5,0.31
231,Allentown,Pennsylvania,2018/1,34.94,23.97,0,229.5,7.4,13.1,0.42
231,Allentown,Pennsylvania,2018/2,44.21,33.18,0,206.5,7.38,24.4,0.87
231,Allentown,Pennsylvania,2018/3,43.16,30.84,0,272.8,8.8,59.8,1.93
231,Allentown,Pennsylvania,2018/4,53.63,41.03,0,268.7,8.96,22.2,0.74
231,Allentown,Pennsylvania,2018/5,72.61,59.61,0,354.7,11.44,0,0
231,Allentown,Pennsylvania,2018/6,78.93,65.03,0,371.6,12.39,0,0
232,Pearland,Texas,2017/6,85.13,73.93,0,315,10.5,0,0
232,Pearland,Texas,2017/7,95.35,83.29,0,337.6,10.89,0,0
232,Pearland,Texas,2017/8,93.06,82.32,0,313.1,10.1,0,0
232,Pearland,Texas,2017/9,86.83,73.57,0,298.8,9.96,0,0
232,Pearland,Texas,2017/10,80.84,67.39,0,295.6,9.54,0,0
232,Pearland,Texas,2017/11,73.53,62.63,0,266.5,8.88,0,0
232,Pearland,Texas,2017/12,59,48.87,0,213.4,6.88,0.6,0.02
232,Pearland,Texas,2018/1,55.16,40.19,0,274.6,8.86,1.5,0.05
232,Pearland,Texas,2018/2,65.75,54.14,0,186.6,6.66,0,0
232,Pearland,Texas,2018/3,72.77,57.58,0,288.3,9.3,0,0
232,Pearland,Texas,2018/4,73.2,57.07,0,293.6,9.79,0,0
232,Pearland,Texas,2018/5,85.87,69.74,0,323.9,10.45,0,0
232,Pearland,Texas,2018/6,87.23,74.8,0,295.5,9.85,0,0
233,Beaumont,Texas,2017/6,84.13,72.33,0,304.7,10.16,0,0
233,Beaumont,Texas,2017/7,96.06,81.13,0,338.6,10.92,0,0
233,Beaumont,Texas,2017/8,89.84,79.42,0,296.6,9.57,0,0
233,Beaumont,Texas,2017/9,85.3,71.3,0,285.5,9.52,0,0
233,Beaumont,Texas,2017/10,78.74,64.39,0,296.2,9.55,0,0
233,Beaumont,Texas,2017/11,70.6,58.87,0,262.5,8.75,0,0
233,Beaumont,Texas,2017/12,57.13,46.29,0,217,7,2.8,0.09
233,Beaumont,Texas,2018/1,54.65,37.87,0,256.4,8.27,3.4,0.11
233,Beaumont,Texas,2018/2,65.5,54.39,0,189.2,6.76,0,0
233,Beaumont,Texas,2018/3,72.1,55.74,0,296.9,9.58,0,0
233,Beaumont,Texas,2018/4,73.27,55.9,0,291.7,9.72,0,0
233,Beaumont,Texas,2018/5,86.32,68.35,0,322.7,10.41,0,0
233,Beaumont,Texas,2018/6,86.37,76.4,0,279.3,9.31,0,0
234,Wilmington,North Carolina,2017/6,82.07,72.6,0,362.4,12.08,0,0
234,Wilmington,North Carolina,2017/7,92.19,81.42,0,339.2,10.94,0,0
234,Wilmington,North Carolina,2017/8,88.32,79.29,0,315.1,10.16,0,0
234,Wilmington,North Carolina,2017/9,81.8,71,0,287.4,9.58,0,0
234,Wilmington,North Carolina,2017/10,73.58,62.06,0,294.8,9.51,0,0
234,Wilmington,North Carolina,2017/11,61.77,49.43,0,259.6,8.65,0,0
234,Wilmington,North Carolina,2017/12,50.81,41.97,0,230.7,7.44,0,0
234,Wilmington,North Carolina,2018/1,49.48,32.65,0,276.9,8.93,5.7,0.18
234,Wilmington,North Carolina,2018/2,63.82,49.86,0,244.5,8.73,0,0
234,Wilmington,North Carolina,2018/3,59.03,44.19,0,296.8,9.57,0,0
234,Wilmington,North Carolina,2018/4,68.97,52.4,0,294.5,9.82,0,0
234,Wilmington,North Carolina,2018/5,78.26,69.29,0,294.3,9.49,0,0
234,Wilmington,North Carolina,2018/6,84.27,74.57,0,344.5,11.48,0,0
235,Evansville,Indiana,2017/6,84.03,70.97,0,414.2,13.81,0,0
235,Evansville,Indiana,2017/7,89.03,74.65,0,427.1,13.78,0,0
235,Evansville,Indiana,2017/8,84.06,66.06,0,323.7,10.44,0,0
235,Evansville,Indiana,2017/9,77.97,58.57,0,303.8,10.13,0,0
235,Evansville,Indiana,2017/10,65.68,49.13,0,275.3,8.88,0,0
235,Evansville,Indiana,2017/11,51.03,38.93,0,179.4,5.98,0,0
235,Evansville,Indiana,2017/12,38.77,28.42,0,204.4,6.59,0.5,0.02
235,Evansville,Indiana,2018/1,35.61,24.94,0,208.1,6.71,26.1,0.84
235,Evansville,Indiana,2018/2,46.43,36.25,0,225.6,8.06,6.7,0.24
235,Evansville,Indiana,2018/3,49.26,38.23,0,262.8,8.48,16.1,0.52
235,Evansville,Indiana,2018/4,57.33,43.73,0,300.6,10.02,3.1,0.1
235,Evansville,Indiana,2018/5,80.84,69.19,0,378.5,12.21,0,0
235,Evansville,Indiana,2018/6,86.07,75.03,0,374.5,12.48,0,0
236,Arvada,Colorado,2017/6,81.13,57.37,0,428.8,14.29,0,0
236,Arvada,Colorado,2017/7,93.16,63.77,0,442,14.26,0,0
236,Arvada,Colorado,2017/8,86.61,61.52,0,348.9,11.25,0,0
236,Arvada,Colorado,2017/9,75.07,55.7,0,300,10,0,0
236,Arvada,Colorado,2017/10,60.65,40.26,0,306.5,9.89,7.8,0.25
236,Arvada,Colorado,2017/11,56.57,37,0,231,7.7,1.7,0.06
236,Arvada,Colorado,2017/12,44.42,27.55,0,247.3,7.98,2.8,0.09
236,Arvada,Colorado,2018/1,46.29,27.23,0,270.3,8.72,13.1,0.42
236,Arvada,Colorado,2018/2,41.96,22.75,0,270.6,9.66,18.3,0.65
236,Arvada,Colorado,2018/3,54.9,31.55,0,329,10.61,28,0.9
236,Arvada,Colorado,2018/4,59.43,35.6,0,321.6,10.72,9.7,0.32
236,Arvada,Colorado,2018/5,70.13,48.81,0,411.6,13.28,0,0
236,Arvada,Colorado,2018/6,82.73,57.47,0,416.5,13.88,0,0
237,Provo,Utah,2017/6,82.53,56.73,0,440.7,14.69,0,0
237,Provo,Utah,2017/7,96.1,60.35,0,370.2,11.94,0,0
237,Provo,Utah,2017/8,90,58.84,0,351.4,11.34,0,0
237,Provo,Utah,2017/9,72.1,47.83,0,312.1,10.4,0,0
237,Provo,Utah,2017/10,57.48,34.55,0,328.3,10.59,0,0
237,Provo,Utah,2017/11,50.83,34,0,259.5,8.65,2.1,0.07
237,Provo,Utah,2017/12,36.9,22.71,0,263.4,8.5,5.2,0.17
237,Provo,Utah,2018/1,39.55,23.68,0,281.9,9.09,15.6,0.5
237,Provo,Utah,2018/2,39.96,24.75,0,263.9,9.43,26.3,0.94
237,Provo,Utah,2018/3,48.03,31.19,0,304.6,9.83,16.4,0.53
237,Provo,Utah,2018/4,58.97,40.43,0,314.8,10.49,5.8,0.19
237,Provo,Utah,2018/5,70.39,48.9,0,343.1,11.07,0,0
237,Provo,Utah,2018/6,82.87,55.03,0,442.1,14.74,0,0
238,Independence,Missouri,2017/6,83.23,65.8,0,414.3,13.81,0,0
238,Independence,Missouri,2017/7,90.77,74.87,0,376.9,12.16,0,0
238,Independence,Missouri,2017/8,85.35,67.35,0,334.4,10.79,0,0
238,Independence,Missouri,2017/9,80.6,61.87,0,313.9,10.46,0,0
238,Independence,Missouri,2017/10,65.74,49.71,0,292.1,9.42,0,0
238,Independence,Missouri,2017/11,50.23,38.8,0,226.9,7.56,0,0
238,Independence,Missouri,2017/12,38.32,27.84,0,221.4,7.14,0.3,0.01
238,Independence,Missouri,2018/1,35.65,19.71,0,263.4,8.5,3.9,0.13
238,Independence,Missouri,2018/2,40.71,26.43,0,243.1,8.68,6.5,0.23
238,Independence,Missouri,2018/3,48.84,35.35,0,276,8.9,0.1,0
238,Independence,Missouri,2018/4,53.3,37.73,0,282.6,9.42,4.6,0.15
238,Independence,Missouri,2018/5,80.9,62.94,0,337.5,10.89,0,0
238,Independence,Missouri,2018/6,86,69.77,0,401.1,13.37,0,0
239,Lansing,Michigan,2017/6,77.93,63.03,0,431.9,14.4,0,0
239,Lansing,Michigan,2017/7,81.87,67.19,0,428.9,13.84,0,0
239,Lansing,Michigan,2017/8,78.23,62.35,0,309.2,9.97,0,0
239,Lansing,Michigan,2017/9,74.6,54.23,0,293.3,9.78,0,0
239,Lansing,Michigan,2017/10,59.71,47.03,0,241.8,7.8,0,0
239,Lansing,Michigan,2017/11,39.6,32.2,0,217.2,7.24,6.6,0.22
239,Lansing,Michigan,2017/12,26.97,21,0,161.4,5.21,12.4,0.4
239,Lansing,Michigan,2018/1,28.29,18.81,0,164.4,5.3,25.6,0.83
239,Lansing,Michigan,2018/2,33.75,24.18,0,203.1,7.25,37.8,1.35
239,Lansing,Michigan,2018/3,39.9,27.71,0,276.6,8.92,21.8,0.7
239,Lansing,Michigan,2018/4,46.83,31.87,0,260.2,8.67,24.9,0.83
239,Lansing,Michigan,2018/5,72.19,55.87,0,328.7,10.6,0,0
239,Lansing,Michigan,2018/6,76.37,63.3,0,402.6,13.42,0,0
240,Odessa,Texas,2017/6,91.7,69.13,0.0,340.1,11.34,0.0,0.0
240,Odessa,Texas,2017/7,96.16,78.68,0.0,356.1,11.49,0.0,0.0
240,Odessa,Texas,2017/8,91.45,73.42,0.0,347.1,11.2,0.0,0.0
240,Odessa,Texas,2017/9,83.83,64.7,0.0,292.3,9.74,0.0,0.0
240,Odessa,Texas,2017/10,74.58,52.65,0.0,322.2,10.39,0.0,0.0
240,Odessa,Texas,2017/11,66.93,46.37,0.0,280.5,9.35,5.2,0.17
240,Odessa,Texas,2017/12,51.26,33.61,0.0,256.0,8.26,7.8,0.25
240,Odessa,Texas,2018/1,55.71,30.23,0.0,306.9,9.9,0.0,0.0
240,Odessa,Texas,2018/2,61.61,37.18,0.0,290.1,10.36,0.2,0.01
240,Odessa,Texas,2018/3,71.52,45.87,0.0,330.0,10.65,0.0,0.0
240,Odessa,Texas,2018/4,75.83,48.73,0.0,332.6,11.09,0.0,0.0
240,Odessa,Texas,2018/5,90.42,64.74,0.0,342.3,11.04,0.0,0.0
240,Odessa,Texas,2018/6,93.97,70.8,0.0,344.6,11.49,0.0,0.0
241,Richardson,Texas,2017/6,85.67,71.1,0.0,314.0,10.47,0.0,0.0
241,Richardson,Texas,2017/7,97.68,82.16,0.0,354.0,11.42,0.0,0.0
241,Richardson,Texas,2017/8,94.13,80.06,0.0,311.9,10.06,0.0,0.0
241,Richardson,Texas,2017/9,89.43,71.83,0.0,307.9,10.26,0.0,0.0
241,Richardson,Texas,2017/10,77.55,59.81,0.0,319.8,10.32,0.0,0.0
241,Richardson,Texas,2017/11,66.8,53.2,0.0,242.3,8.08,0.0,0.0
241,Richardson,Texas,2017/12,52.97,41.06,0.0,236.7,7.64,0.0,0.0
241,Richardson,Texas,2018/1,50.19,33.0,0.0,279.1,9.0,0.1,0.0
241,Richardson,Texas,2018/2,54.82,40.75,0.0,221.5,7.91,0.1,0.0
241,Richardson,Texas,2018/3,67.19,50.29,0.0,295.4,9.53,0.0,0.0
241,Richardson,Texas,2018/4,69.47,51.2,0.0,294.5,9.82,0.0,0.0
241,Richardson,Texas,2018/5,86.13,68.06,0.0,322.4,10.4,0.0,0.0
241,Richardson,Texas,2018/6,91.73,74.47,0.0,315.3,10.51,0.0,0.0
242,Fairfield,California,2017/6,82.43,62.77,0.0,426.7,14.22,0.0,0.0
242,Fairfield,California,2017/7,97.94,69.87,0.0,414.3,13.36,0.0,0.0
242,Fairfield,California,2017/8,91.77,65.84,0.0,346.4,11.17,0.0,0.0
242,Fairfield,California,2017/9,83.67,61.27,0.0,322.8,10.76,0.0,0.0
242,Fairfield,California,2017/10,77.32,53.68,0.0,329.0,10.61,0.0,0.0
242,Fairfield,California,2017/11,60.47,48.57,0.0,197.1,6.57,0.0,0.0
242,Fairfield,California,2017/12,57.58,40.97,0.0,245.5,7.92,0.0,0.0
242,Fairfield,California,2018/1,55.94,42.1,0.0,254.1,8.2,0.0,0.0
242,Fairfield,California,2018/2,62.86,42.71,0.0,286.7,10.24,0.0,0.0
242,Fairfield,California,2018/3,60.23,42.77,0.0,296.5,9.56,0.0,0.0
242,Fairfield,California,2018/4,67.8,50.1,0.0,315.3,10.51,0.0,0.0
242,Fairfield,California,2018/5,73.42,57.19,0.0,405.4,13.08,0.0,0.0
242,Fairfield,California,2018/6,81.1,61.97,0.0,434.0,14.47,0.0,0.0
243,El Monte,California,2017/6,83.7,67.0,0.0,432.3,14.41,0.0,0.0
243,El Monte,California,2017/7,95.16,82.23,0.0,435.3,14.04,0.0,0.0
243,El Monte,California,2017/8,90.84,78.48,0.0,357.2,11.52,0.0,0.0
243,El Monte,California,2017/9,81.87,69.07,0.0,329.2,10.97,0.0,0.0
243,El Monte,California,2017/10,82.97,66.61,0.0,342.2,11.04,0.0,0.0
243,El Monte,California,2017/11,72.2,60.07,0.0,227.3,7.58,0.0,0.0
243,El Monte,California,2017/12,70.68,54.94,0.0,258.1,8.33,0.0,0.0
243,El Monte,California,2018/1,69.29,51.77,0.0,302.6,9.76,0.0,0.0
243,El Monte,California,2018/2,68.61,52.04,0.0,305.4,10.91,0.0,0.0
243,El Monte,California,2018/3,66.35,52.77,0.0,309.0,9.97,0.0,0.0
243,El Monte,California,2018/4,74.67,57.77,0.0,341.6,11.39,0.0,0.0
243,El Monte,California,2018/5,74.13,60.19,0.0,411.1,13.26,0.0,0.0
243,El Monte,California,2018/6,81.0,65.57,0.0,433.3,14.44,0.0,0.0
244,Rochester,Minnesota,2017/6,75.97,60.43,0.0,410.0,13.67,0.0,0.0
244,Rochester,Minnesota,2017/7,81.06,66.19,0.0,422.0,13.61,0.0,0.0
244,Rochester,Minnesota,2017/8,74.48,58.26,0.0,300.5,9.69,0.0,0.0
244,Rochester,Minnesota,2017/9,72.67,52.67,0.0,303.8,10.13,0.0,0.0
244,Rochester,Minnesota,2017/10,53.55,42.45,0.0,244.4,7.88,0.0,0.0
244,Rochester,Minnesota,2017/11,36.6,26.93,0.0,181.3,6.04,1.7,0.06
244,Rochester,Minnesota,2017/12,22.13,15.06,0.0,172.0,5.55,1.7,0.05
244,Rochester,Minnesota,2018/1,18.06,6.19,0.0,219.0,7.06,10.4,0.34
244,Rochester,Minnesota,2018/2,20.75,9.39,0.0,218.3,7.8,22.7,0.81
244,Rochester,Minnesota,2018/3,38.1,23.26,0.0,272.0,8.77,10.4,0.34
244,Rochester,Minnesota,2018/4,41.83,25.13,0.0,266.2,8.87,21.5,0.72
244,Rochester,Minnesota,2018/5,70.42,53.55,0.0,369.4,11.92,0.0,0.0
244,Rochester,Minnesota,2018/6,76.23,62.67,0.0,348.5,11.62,0.0,0.0
245,Clearwater,Florida,2017/6,83.3,76.53,0.0,311.0,10.37,0.0,0.0
245,Clearwater,Florida,2017/7,93.48,87.06,0.0,351.3,11.33,0.0,0.0
245,Clearwater,Florida,2017/8,92.13,85.1,0.0,340.0,10.97,0.0,0.0
245,Clearwater,Florida,2017/9,86.73,77.27,0.0,297.3,9.91,0.0,0.0
245,Clearwater,Florida,2017/10,81.77,70.9,0.0,314.8,10.15,0.0,0.0
245,Clearwater,Florida,2017/11,76.97,64.03,0.0,275.6,9.19,0.0,0.0
245,Clearwater,Florida,2017/12,71.29,61.42,0.0,266.0,8.58,0.0,0.0
245,Clearwater,Florida,2018/1,62.16,48.0,0.0,285.9,9.22,0.0,0.0
245,Clearwater,Florida,2018/2,75.46,61.54,0.0,304.8,10.89,0.0,0.0
245,Clearwater,Florida,2018/3,70.16,56.68,0.0,337.2,10.88,0.0,0.0
245,Clearwater,Florida,2018/4,75.23,64.3,0.0,323.0,10.77,0.0,0.0
245,Clearwater,Florida,2018/5,80.26,71.87,0.0,310.2,10.01,0.0,0.0
245,Clearwater,Florida,2018/6,82.63,77.17,0.0,317.7,10.59,0.0,0.0
246,Carlsbad,California,2017/6,71.27,62.7,0.0,424.5,14.15,0.0,0.0
246,Carlsbad,California,2017/7,86.77,77.52,0.0,431.7,13.93,0.0,0.0
246,Carlsbad,California,2017/8,81.03,73.42,0.0,341.9,11.03,0.0,0.0
246,Carlsbad,California,2017/9,72.23,65.63,0.0,303.2,10.11,0.0,0.0
246,Carlsbad,California,2017/10,72.77,61.71,0.0,322.9,10.42,0.0,0.0
246,Carlsbad,California,2017/11,67.0,57.27,0.0,220.9,7.36,0.0,0.0
246,Carlsbad,California,2017/12,65.71,48.68,0.0,243.2,7.85,0.0,0.0
246,Carlsbad,California,2018/1,66.29,49.35,0.0,287.5,9.27,0.0,0.0
246,Carlsbad,California,2018/2,64.93,47.71,0.0,290.7,10.38,0.0,0.0
246,Carlsbad,California,2018/3,63.84,49.71,0.0,323.9,10.45,0.0,0.0
246,Carlsbad,California,2018/4,66.6,54.1,0.0,344.2,11.47,0.0,0.0
246,Carlsbad,California,2018/5,68.32,57.97,0.0,389.7,12.57,0.0,0.0
246,Carlsbad,California,2018/6,71.03,62.6,0.0,426.8,14.23,0.0,0.0
247,Springfield,Illinois,2017/6,84.43,66.3,0.0,425.7,14.19,0.0,0.0
247,Springfield,Illinois,2017/7,87.23,71.26,0.0,433.7,13.99,0.0,0.0
247,Springfield,Illinois,2017/8,83.19,62.55,0.0,338.6,10.92,0.0,0.0
247,Springfield,Illinois,2017/9,80.6,55.67,0.0,323.9,10.8,0.0,0.0
247,Springfield,Illinois,2017/10,64.39,49.06,0.0,255.1,8.23,0.0,0.0
247,Springfield,Illinois,2017/11,48.9,35.17,0.0,195.3,6.51,0.0,0.0
247,Springfield,Illinois,2017/12,34.45,24.42,0.0,189.9,6.13,5.1,0.16
247,Springfield,Illinois,2018/1,33.74,20.19,0.0,225.2,7.26,2.8,0.09
247,Springfield,Illinois,2018/2,40.79,27.11,0.0,218.5,7.8,8.0,0.29
247,Springfield,Illinois,2018/3,47.32,33.39,0.0,261.4,8.43,4.6,0.15
247,Springfield,Illinois,2018/4,53.83,38.2,0.0,278.0,9.27,11.2,0.37
247,Springfield,Illinois,2018/5,83.45,62.77,0.0,391.6,12.63,0.0,0.0
247,Springfield,Illinois,2018/6,86.0,70.77,0.0,382.6,12.75,0.0,0.0
248,Temecula,California,2017/6,83.43,65.83,0.0,430.1,14.34,0.0,0.0
248,Temecula,California,2017/7,94.84,79.71,0.0,437.1,14.1,0.0,0.0
248,Temecula,California,2017/8,90.06,75.58,0.0,353.4,11.4,0.0,0.0
248,Temecula,California,2017/9,81.1,65.17,0.0,312.4,10.41,0.0,0.0
248,Temecula,California,2017/10,81.48,59.55,0.0,323.1,10.42,0.0,0.0
248,Temecula,California,2017/11,72.33,52.6,0.0,217.4,7.25,0.0,0.0
248,Temecula,California,2017/12,69.68,43.19,0.0,244.7,7.89,0.0,0.0
248,Temecula,California,2018/1,70.71,48.9,0.0,286.2,9.23,0.0,0.0
248,Temecula,California,2018/2,66.57,47.43,0.0,286.4,10.23,0.0,0.0
248,Temecula,California,2018/3,66.45,48.68,0.0,305.8,9.86,0.0,0.0
248,Temecula,California,2018/4,73.73,53.73,0.0,340.4,11.35,0.0,0.0
248,Temecula,California,2018/5,73.97,56.55,0.0,406.5,13.11,0.0,0.0
248,Temecula,California,2018/6,82.33,62.27,0.0,429.8,14.33,0.0,0.0
249,West Jordan,Utah,2017/6,83.6,59.63,0.0,449.4,14.98,0.0,0.0
249,West Jordan,Utah,2017/7,95.13,62.48,0.0,381.0,12.29,0.0,0.0
249,West Jordan,Utah,2017/8,88.9,59.84,0.0,354.9,11.45,0.0,0.0
249,West Jordan,Utah,2017/9,70.4,49.03,0.0,307.9,10.26,0.0,0.0
249,West Jordan,Utah,2017/10,55.71,36.68,0.0,323.0,10.42,0.0,0.0
249,West Jordan,Utah,2017/11,49.0,34.57,0.0,244.7,8.16,3.3,0.11
249,West Jordan,Utah,2017/12,34.71,23.68,0.0,251.0,8.1,18.3,0.59
249,West Jordan,Utah,2018/1,41.48,26.71,0.0,274.7,8.86,18.1,0.58
249,West Jordan,Utah,2018/2,41.86,27.68,0.0,239.9,8.57,37.5,1.34
249,West Jordan,Utah,2018/3,49.74,35.58,0.0,282.2,9.1,31.8,1.03
249,West Jordan,Utah,2018/4,60.67,43.93,0.0,295.8,9.86,16.1,0.54
249,West Jordan,Utah,2018/5,71.65,52.77,0.0,323.0,10.42,0.0,0.0
249,West Jordan,Utah,2018/6,82.97,59.87,0.0,440.3,14.68,0.0,0.0
250,Costa Mesa,California,2017/6,71.97,62.87,0.0,432.3,14.41,0.0,0.0
250,Costa Mesa,California,2017/7,87.48,77.1,0.0,431.5,13.92,0.0,0.0
250,Costa Mesa,California,2017/8,81.35,73.26,0.0,338.3,10.91,0.0,0.0
250,Costa Mesa,California,2017/9,74.2,66.37,0.0,307.6,10.25,0.0,0.0
250,Costa Mesa,California,2017/10,75.71,65.0,0.0,325.0,10.48,0.0,0.0
250,Costa Mesa,California,2017/11,68.67,60.4,0.0,219.1,7.3,0.0,0.0
250,Costa Mesa,California,2017/12,66.61,53.68,0.0,239.8,7.74,0.0,0.0
250,Costa Mesa,California,2018/1,67.94,53.42,0.0,302.4,9.75,0.0,0.0
250,Costa Mesa,California,2018/2,65.11,52.39,0.0,295.6,10.56,0.0,0.0
250,Costa Mesa,California,2018/3,64.45,53.03,0.0,308.7,9.96,0.0,0.0
250,Costa Mesa,California,2018/4,68.27,56.67,0.0,342.9,11.43,0.0,0.0
250,Costa Mesa,California,2018/5,69.42,59.29,0.0,402.6,12.99,0.0,0.0
250,Costa Mesa,California,2018/6,70.87,62.73,0.0,428.0,14.27,0.0,0.0
251,Miami Gardens,Florida,2017/6,84.3,78.57,0.0,314.3,10.48,0.0,0.0
251,Miami Gardens,Florida,2017/7,93.71,87.39,0.0,341.6,11.02,0.0,0.0
251,Miami Gardens,Florida,2017/8,92.19,85.71,0.0,314.8,10.15,0.0,0.0
251,Miami Gardens,Florida,2017/9,87.53,78.23,0.0,280.0,9.33,0.0,0.0
251,Miami Gardens,Florida,2017/10,80.42,73.87,0.0,268.8,8.67,0.0,0.0
251,Miami Gardens,Florida,2017/11,78.3,70.07,0.0,257.6,8.59,0.0,0.0
251,Miami Gardens,Florida,2017/12,74.35,63.97,0.0,272.8,8.8,0.0,0.0
251,Miami Gardens,Florida,2018/1,71.29,59.84,0.0,264.9,8.55,0.0,0.0
251,Miami Gardens,Florida,2018/2,78.82,69.46,0.0,273.5,9.77,0.0,0.0
251,Miami Gardens,Florida,2018/3,76.77,62.32,0.0,334.5,10.79,0.0,0.0
251,Miami Gardens,Florida,2018/4,82.0,70.13,0.0,313.8,10.46,0.0,0.0
251,Miami Gardens,Florida,2018/5,81.84,74.74,0.0,264.6,8.54,0.0,0.0
251,Miami Gardens,Florida,2018/6,84.97,77.47,0.0,289.3,9.64,0.0,0.0
252,Cambridge,Massachusetts,2017/6,75.1,64.6,0.0,397.8,13.26,0.0,0.0
252,Cambridge,Massachusetts,2017/7,86.55,73.0,0.0,408.5,13.18,0.0,0.0
252,Cambridge,Massachusetts,2017/8,84.65,72.26,0.0,379.4,12.24,0.0,0.0
252,Cambridge,Massachusetts,2017/9,73.6,62.2,0.0,268.1,8.94,0.0,0.0
252,Cambridge,Massachusetts,2017/10,65.55,54.84,0.0,237.3,7.65,0.0,0.0
252,Cambridge,Massachusetts,2017/11,45.67,36.1,0.0,194.9,6.5,0.0,0.0
252,Cambridge,Massachusetts,2017/12,31.06,23.81,0.0,190.9,6.16,9.9,0.32
252,Cambridge,Massachusetts,2018/1,31.45,21.42,0.0,203.7,6.57,2.7,0.09
252,Cambridge,Massachusetts,2018/2,41.79,33.0,0.0,228.8,8.17,4.9,0.17
252,Cambridge,Massachusetts,2018/3,40.13,29.68,0.0,234.0,7.55,12.9,0.42
252,Cambridge,Massachusetts,2018/4,49.67,40.6,0.0,304.0,10.13,2.1,0.07
252,Cambridge,Massachusetts,2018/5,68.77,56.77,0.0,395.0,12.74,0.0,0.0
252,Cambridge,Massachusetts,2018/6,72.63,62.93,0.0,383.7,12.79,0.0,0.0
253,College Station,Texas,2017/6,86.97,70.8,0.0,314.1,10.47,0.0,0.0
253,College Station,Texas,2017/7,96.42,78.97,0.0,352.9,11.38,0.0,0.0
253,College Station,Texas,2017/8,93.26,77.77,0.0,298.7,9.64,0.0,0.0
253,College Station,Texas,2017/9,85.9,68.53,0.0,300.9,10.03,0.0,0.0
253,College Station,Texas,2017/10,77.26,58.48,0.0,300.9,9.71,0.0,0.0
253,College Station,Texas,2017/11,70.53,55.93,0.0,251.2,8.37,0.0,0.0
253,College Station,Texas,2017/12,56.06,42.03,0.0,220.6,7.12,0.0,0.0
253,College Station,Texas,2018/1,53.77,36.1,0.0,266.7,8.6,4.0,0.13
253,College Station,Texas,2018/2,59.64,48.11,0.0,192.7,6.88,0.0,0.0
253,College Station,Texas,2018/3,72.03,53.68,0.0,293.8,9.48,0.0,0.0
253,College Station,Texas,2018/4,73.57,53.87,0.0,297.7,9.92,0.0,0.0
253,College Station,Texas,2018/5,87.9,67.9,0.0,311.3,10.04,0.0,0.0
253,College Station,Texas,2018/6,89.0,74.17,0.0,296.9,9.9,0.0,0.0
254,Murrieta,California,2017/6,83.43,65.83,0.0,430.5,14.35,0.0,0.0
254,Murrieta,California,2017/7,94.84,79.71,0.0,437.7,14.12,0.0,0.0
254,Murrieta,California,2017/8,90.06,75.58,0.0,353.4,11.4,0.0,0.0
254,Murrieta,California,2017/9,81.1,65.17,0.0,312.4,10.41,0.0,0.0
254,Murrieta,California,2017/10,81.48,59.55,0.0,322.7,10.41,0.0,0.0
254,Murrieta,California,2017/11,72.33,52.6,0.0,217.4,7.25,0.0,0.0
254,Murrieta,California,2017/12,69.68,43.19,0.0,244.7,7.89,0.0,0.0
254,Murrieta,California,2018/1,70.71,48.9,0.0,286.1,9.23,0.0,0.0
254,Murrieta,California,2018/2,66.57,47.43,0.0,286.4,10.23,0.0,0.0
254,Murrieta,California,2018/3,66.45,48.68,0.0,305.8,9.86,0.0,0.0
254,Murrieta,California,2018/4,73.73,53.73,0.0,340.4,11.35,0.0,0.0
254,Murrieta,California,2018/5,73.97,56.55,0.0,406.5,13.11,0.0,0.0
254,Murrieta,California,2018/6,82.33,62.27,0.0,430.5,14.35,0.0,0.0
255,Downey,California,2017/6,79.2,64.87,0.0,432.3,14.41,0.0,0.0
255,Downey,California,2017/7,92.74,82.65,0.0,432.8,13.96,0.0,0.0
255,Downey,California,2017/8,89.29,76.19,0.0,347.1,11.2,0.0,0.0
255,Downey,California,2017/9,82.47,69.03,0.0,323.9,10.8,0.0,0.0
255,Downey,California,2017/10,84.52,67.58,0.0,337.2,10.88,0.0,0.0
255,Downey,California,2017/11,74.47,61.77,0.0,231.1,7.7,0.0,0.0
255,Downey,California,2017/12,73.23,55.9,0.0,251.4,8.11,0.0,0.0
255,Downey,California,2018/1,69.61,52.16,0.0,302.3,9.75,0.0,0.0
255,Downey,California,2018/2,68.21,50.79,0.0,298.0,10.64,0.0,0.0
255,Downey,California,2018/3,66.13,52.9,0.0,305.1,9.84,0.0,0.0
255,Downey,California,2018/4,72.3,57.07,0.0,341.7,11.39,0.0,0.0
255,Downey,California,2018/5,70.94,59.58,0.0,413.4,13.34,0.0,0.0
255,Downey,California,2018/6,76.53,64.2,0.0,431.2,14.37,0.0,0.0
256,Peoria,Illinois,2017/6,80.8,63.87,0.0,425.0,14.17,0.0,0.0
256,Peoria,Illinois,2017/7,86.45,71.1,0.0,426.7,13.76,0.0,0.0
256,Peoria,Illinois,2017/8,81.9,62.52,0.0,335.8,10.83,0.0,0.0
256,Peoria,Illinois,2017/9,79.43,54.8,0.0,328.1,10.94,0.0,0.0
256,Peoria,Illinois,2017/10,63.0,48.19,0.0,248.7,8.02,0.0,0.0
256,Peoria,Illinois,2017/11,45.5,33.3,0.0,196.4,6.55,0.0,0.0
256,Peoria,Illinois,2017/12,32.16,23.1,0.0,199.1,6.42,4.9,0.16
256,Peoria,Illinois,2018/1,30.26,17.52,0.0,225.9,7.29,4.7,0.15
256,Peoria,Illinois,2018/2,36.39,23.61,0.0,214.3,7.65,9.1,0.33
256,Peoria,Illinois,2018/3,44.06,31.48,0.0,284.5,9.18,0.5,0.02
256,Peoria,Illinois,2018/4,50.97,35.53,0.0,281.6,9.39,4.1,0.14
256,Peoria,Illinois,2018/5,80.0,60.29,0.0,382.5,12.34,0.0,0.0
256,Peoria,Illinois,2018/6,83.33,68.67,0.0,375.6,12.52,0.0,0.0
257,Westminster,Colorado,2017/6,80.83,56.87,0.0,425.8,14.19,0.0,0.0
257,Westminster,Colorado,2017/7,94.23,66.1,0.0,442.0,14.26,0.0,0.0
257,Westminster,Colorado,2017/8,87.68,63.39,0.0,348.0,11.23,0.0,0.0
257,Westminster,Colorado,2017/9,76.3,57.3,0.0,300.1,10.0,0.0,0.0
257,Westminster,Colorado,2017/10,61.32,40.9,0.0,305.3,9.85,5.1,0.16
257,Westminster,Colorado,2017/11,56.97,36.8,0.0,224.4,7.48,2.1,0.07
257,Westminster,Colorado,2017/12,44.61,27.45,0.0,247.4,7.98,1.9,0.06
257,Westminster,Colorado,2018/1,45.42,25.42,0.0,265.4,8.56,12.6,0.41
257,Westminster,Colorado,2018/2,40.82,21.11,0.0,267.4,9.55,19.3,0.69
257,Westminster,Colorado,2018/3,54.58,31.03,0.0,325.0,10.48,30.7,0.99
257,Westminster,Colorado,2018/4,58.2,35.37,0.0,316.8,10.56,13.4,0.45
257,Westminster,Colorado,2018/5,70.55,47.97,0.0,402.3,12.98,0.0,0.0
257,Westminster,Colorado,2018/6,82.17,57.23,0.0,402.2,13.41,0.0,0.0
258,Elgin,Illinois,2017/6,78.9,62.9,0.0,424.0,14.13,0.0,0.0
258,Elgin,Illinois,2017/7,82.52,69.26,0.0,431.0,13.9,0.0,0.0
258,Elgin,Illinois,2017/8,77.94,62.61,0.0,361.6,11.66,0.0,0.0
258,Elgin,Illinois,2017/9,74.53,57.07,0.0,313.5,10.45,0.0,0.0
258,Elgin,Illinois,2017/10,59.39,47.26,0.0,237.1,7.65,0.0,0.0
258,Elgin,Illinois,2017/11,39.9,31.2,0.0,181.3,6.04,0.6,0.02
258,Elgin,Illinois,2017/12,27.71,20.61,0.0,204.3,6.59,1.4,0.05
258,Elgin,Illinois,2018/1,27.55,15.42,0.0,212.8,6.86,12.1,0.39
258,Elgin,Illinois,2018/2,31.79,19.32,0.0,213.5,7.62,33.7,1.2
258,Elgin,Illinois,2018/3,42.29,27.03,0.0,287.7,9.28,10.0,0.32
258,Elgin,Illinois,2018/4,47.23,31.17,0.0,287.6,9.59,17.2,0.57
258,Elgin,Illinois,2018/5,71.9,54.97,0.0,372.3,12.01,0.0,0.0
258,Elgin,Illinois,2018/6,76.77,63.57,0.0,375.8,12.53,0.0,0.0
259,Antioch,California,2017/6,83.27,63.73,0.0,426.8,14.23,0.0,0.0
259,Antioch,California,2017/7,96.81,69.87,0.0,414.5,13.37,0.0,0.0
259,Antioch,California,2017/8,91.68,66.84,0.0,347.6,11.21,0.0,0.0
259,Antioch,California,2017/9,84.17,62.57,0.0,330.8,11.03,0.0,0.0
259,Antioch,California,2017/10,76.45,54.06,0.0,332.5,10.73,0.0,0.0
259,Antioch,California,2017/11,60.8,49.3,0.0,202.1,6.74,0.0,0.0
259,Antioch,California,2017/12,56.19,40.29,0.0,238.7,7.7,0.0,0.0
259,Antioch,California,2018/1,55.9,42.29,0.0,259.2,8.36,0.0,0.0
259,Antioch,California,2018/2,62.25,43.54,0.0,282.4,10.09,0.0,0.0
259,Antioch,California,2018/3,60.45,44.77,0.0,293.6,9.47,0.0,0.0
259,Antioch,California,2018/4,68.4,51.9,0.0,320.1,10.67,0.0,0.0
259,Antioch,California,2018/5,74.35,58.1,0.0,412.4,13.3,0.0,0.0
259,Antioch,California,2018/6,82.97,63.37,0.0,434.0,14.47,0.0,0.0
260,Palm Bay,Florida,2017/6,82.53,76.67,0.0,328.2,10.94,0.0,0.0
260,Palm Bay,Florida,2017/7,92.13,83.94,0.0,345.3,11.14,0.0,0.0
260,Palm Bay,Florida,2017/8,92.1,82.0,0.0,307.4,9.92,0.0,0.0
260,Palm Bay,Florida,2017/9,84.53,77.5,0.0,302.6,10.09,0.0,0.0
260,Palm Bay,Florida,2017/10,78.55,73.29,0.0,272.4,8.79,0.0,0.0
260,Palm Bay,Florida,2017/11,74.43,68.73,0.0,230.2,7.67,0.0,0.0
260,Palm Bay,Florida,2017/12,70.26,60.39,0.0,261.7,8.44,0.0,0.0
260,Palm Bay,Florida,2018/1,66.39,54.19,0.0,265.7,8.57,0.0,0.0
260,Palm Bay,Florida,2018/2,77.36,66.61,0.0,287.7,10.28,0.0,0.0
260,Palm Bay,Florida,2018/3,74.71,57.1,0.0,334.5,10.79,0.0,0.0
260,Palm Bay,Florida,2018/4,79.1,66.47,0.0,300.9,10.03,0.0,0.0
260,Palm Bay,Florida,2018/5,80.13,74.58,0.0,274.3,8.85,0.0,0.0
260,Palm Bay,Florida,2018/6,84.27,78.03,0.0,288.8,9.63,0.0,0.0
261,High Point,North Carolina,2017/6,80.8,67.0,0.0,327.1,10.9,0.0,0.0
261,High Point,North Carolina,2017/7,94.87,78.29,0.0,349.4,11.27,0.0,0.0
261,High Point,North Carolina,2017/8,87.48,73.42,0.0,309.2,9.97,0.0,0.0
261,High Point,North Carolina,2017/9,78.23,61.93,0.0,291.6,9.72,0.0,0.0
261,High Point,North Carolina,2017/10,70.16,52.87,0.0,287.9,9.29,0.0,0.0
261,High Point,North Carolina,2017/11,56.13,42.07,0.0,254.5,8.48,0.0,0.0
261,High Point,North Carolina,2017/12,44.32,34.26,0.0,250.0,8.06,17.4,0.56
261,High Point,North Carolina,2018/1,43.23,26.35,0.0,267.2,8.62,16.5,0.53
261,High Point,North Carolina,2018/2,55.96,43.0,0.0,212.8,7.6,3.3,0.12
261,High Point,North Carolina,2018/3,52.52,37.48,0.0,285.3,9.2,10.4,0.34
261,High Point,North Carolina,2018/4,64.5,47.3,0.0,293.5,9.78,3.6,0.12
261,High Point,North Carolina,2018/5,78.77,64.48,0.0,302.7,9.76,0.0,0.0
261,High Point,North Carolina,2018/6,84.87,70.63,0.0,318.3,10.61,0.0,0.0
262,Lowell,Massachusetts,2017/6,75.93,63.9,0.0,390.9,13.03,0.0,0.0
262,Lowell,Massachusetts,2017/7,86.58,72.26,0.0,408.3,13.17,0.0,0.0
262,Lowell,Massachusetts,2017/8,83.84,70.81,0.0,376.3,12.14,0.0,0.0
262,Lowell,Massachusetts,2017/9,73.67,61.63,0.0,282.8,9.43,0.0,0.0
262,Lowell,Massachusetts,2017/10,65.39,53.52,0.0,231.1,7.45,0.0,0.0
262,Lowell,Massachusetts,2017/11,45.3,35.83,0.0,203.0,6.77,0.0,0.0
262,Lowell,Massachusetts,2017/12,30.48,23.61,0.0,194.2,6.26,19.9,0.64
262,Lowell,Massachusetts,2018/1,30.58,18.52,0.0,201.9,6.51,22.5,0.73
262,Lowell,Massachusetts,2018/2,42.18,31.0,0.0,230.5,8.23,22.2,0.79
262,Lowell,Massachusetts,2018/3,40.9,28.42,0.0,235.4,7.59,108.5,3.5
262,Lowell,Massachusetts,2018/4,50.5,39.73,0.0,293.6,9.79,6.1,0.2
262,Lowell,Massachusetts,2018/5,71.35,56.71,0.0,396.6,12.79,0.0,0.0
262,Lowell,Massachusetts,2018/6,75.13,62.7,0.0,385.7,12.86,0.0,0.0
263,Manchester,New Hampshire,2017/6,76.17,63.23,0.0,389.0,12.97,0.0,0.0
263,Manchester,New Hampshire,2017/7,85.52,70.74,0.0,409.4,13.21,0.0,0.0
263,Manchester,New Hampshire,2017/8,81.68,67.06,0.0,373.5,12.05,0.0,0.0
263,Manchester,New Hampshire,2017/9,72.0,60.23,0.0,277.9,9.26,0.0,0.0
263,Manchester,New Hampshire,2017/10,63.97,51.35,0.0,238.9,7.71,0.0,0.0
263,Manchester,New Hampshire,2017/11,43.63,34.2,0.0,199.6,6.65,0.0,0.0
263,Manchester,New Hampshire,2017/12,28.97,21.58,0.0,193.9,6.25,24.8,0.8
263,Manchester,New Hampshire,2018/1,29.84,17.42,0.0,203.4,6.56,13.1,0.42
263,Manchester,New Hampshire,2018/2,41.0,30.18,0.0,234.3,8.37,13.9,0.5
263,Manchester,New Hampshire,2018/3,41.39,29.19,0.0,242.6,7.83,42.4,1.37
263,Manchester,New Hampshire,2018/4,50.63,39.97,0.0,304.1,10.14,1.2,0.04
263,Manchester,New Hampshire,2018/5,71.65,56.87,0.0,393.7,12.7,0.0,0.0
263,Manchester,New Hampshire,2018/6,78.0,63.4,0.0,385.9,12.86,0.0,0.0
264,Pueblo,Colorado,2017/6,85.17,56.13,0.0,428.7,14.29,0.0,0.0
264,Pueblo,Colorado,2017/7,94.39,70.32,0.0,447.0,14.42,0.0,0.0
264,Pueblo,Colorado,2017/8,88.03,60.61,0.0,341.3,11.01,0.0,0.0
264,Pueblo,Colorado,2017/9,76.73,52.77,0.0,309.2,10.31,0.0,0.0
264,Pueblo,Colorado,2017/10,64.87,37.65,0.0,309.6,9.99,0.0,0.0
264,Pueblo,Colorado,2017/11,59.07,33.4,0.0,228.2,7.61,2.4,0.08
264,Pueblo,Colorado,2017/12,46.0,21.84,0.0,243.8,7.86,0.0,0.0
264,Pueblo,Colorado,2018/1,49.29,18.81,0.0,275.8,8.9,5.1,0.16
264,Pueblo,Colorado,2018/2,47.11,20.14,0.0,291.1,10.4,14.1,0.5
264,Pueblo,Colorado,2018/3,60.81,29.06,0.0,340.9,11.0,0.0,0.0
264,Pueblo,Colorado,2018/4,64.9,34.87,0.0,315.2,10.51,0.1,0.0
264,Pueblo,Colorado,2018/5,78.16,50.52,0.0,405.7,13.09,0.0,0.0
264,Pueblo,Colorado,2018/6,88.53,58.73,0.0,422.8,14.09,0.0,0.0
265,Gresham,Oregon,2017/6,72.2,56.87,0.0,406.8,13.56,0.0,0.0
265,Gresham,Oregon,2017/7,86.52,64.84,0.0,451.4,14.56,0.0,0.0
265,Gresham,Oregon,2017/8,88.32,68.1,0.0,361.0,11.65,0.0,0.0
265,Gresham,Oregon,2017/9,73.37,58.5,0.0,283.3,9.44,0.0,0.0
265,Gresham,Oregon,2017/10,59.39,48.1,0.0,268.3,8.65,0.0,0.0
265,Gresham,Oregon,2017/11,48.5,42.93,0.0,126.5,4.22,0.0,0.0
265,Gresham,Oregon,2017/12,41.77,35.58,0.0,171.0,5.52,0.0,0.0
265,Gresham,Oregon,2018/1,44.97,39.42,0.0,166.4,5.37,0.0,0.0
265,Gresham,Oregon,2018/2,47.0,37.54,0.0,193.9,6.92,32.3,1.15
265,Gresham,Oregon,2018/3,51.06,40.13,0.0,255.0,8.23,3.4,0.11
265,Gresham,Oregon,2018/4,57.37,46.27,0.0,246.9,8.23,2.2,0.07
265,Gresham,Oregon,2018/5,69.39,54.35,0.0,391.8,12.64,0.0,0.0
265,Gresham,Oregon,2018/6,71.13,56.0,0.0,415.4,13.85,0.0,0.0
266,North Charleston,South Carolina,2017/6,83.0,74.17,0.0,316.3,10.54,0.0,0.0
266,North Charleston,South Carolina,2017/7,95.1,82.97,0.0,344.7,11.12,0.0,0.0
266,North Charleston,South Carolina,2017/8,91.32,80.81,0.0,302.7,9.76,0.0,0.0
266,North Charleston,South Carolina,2017/9,84.57,72.07,0.0,304.8,10.16,0.0,0.0
266,North Charleston,South Carolina,2017/10,75.42,63.58,0.0,291.0,9.39,0.0,0.0
266,North Charleston,South Carolina,2017/11,65.6,51.17,0.0,270.5,9.02,0.0,0.0
266,North Charleston,South Carolina,2017/12,54.61,45.94,0.0,240.0,7.74,0.0,0.0
266,North Charleston,South Carolina,2018/1,51.97,36.58,0.0,271.6,8.76,8.2,0.26
266,North Charleston,South Carolina,2018/2,68.25,54.07,0.0,239.4,8.55,0.0,0.0
266,North Charleston,South Carolina,2018/3,63.74,47.81,0.0,300.8,9.7,0.0,0.0
266,North Charleston,South Carolina,2018/4,70.7,54.97,0.0,309.2,10.31,0.0,0.0
266,North Charleston,South Carolina,2018/5,80.16,70.19,0.0,320.4,10.34,0.0,0.0
266,North Charleston,South Carolina,2018/6,86.7,76.23,0.0,307.1,10.24,0.0,0.0
267,Ventura,California,2017/6,73.6,63.03,0.0,421.0,14.03,0.0,0.0
267,Ventura,California,2017/7,86.0,78.32,0.0,424.2,13.68,0.0,0.0
267,Ventura,California,2017/8,82.71,73.61,0.0,350.6,11.31,0.0,0.0
267,Ventura,California,2017/9,76.87,66.5,0.0,325.0,10.83,0.0,0.0
267,Ventura,California,2017/10,78.03,63.23,0.0,327.9,10.58,0.0,0.0
267,Ventura,California,2017/11,70.87,57.13,0.0,211.1,7.04,0.0,0.0
267,Ventura,California,2017/12,67.97,48.39,0.0,250.1,8.07,0.0,0.0
267,Ventura,California,2018/1,68.84,54.58,0.0,284.9,9.19,0.0,0.0
267,Ventura,California,2018/2,66.43,53.79,0.0,281.0,10.04,0.0,0.0
267,Ventura,California,2018/3,65.35,52.19,0.0,306.2,9.88,0.0,0.0
267,Ventura,California,2018/4,67.83,55.73,0.0,332.7,11.09,0.0,0.0
267,Ventura,California,2018/5,68.19,57.94,0.0,397.0,12.81,0.0,0.0
267,Ventura,California,2018/6,71.9,60.87,0.0,422.0,14.07,0.0,0.0
268,Inglewood,California,2017/6,72.57,63.77,0.0,431.8,14.39,0.0,0.0
268,Inglewood,California,2017/7,91.23,81.68,0.0,430.4,13.88,0.0,0.0
268,Inglewood,California,2017/8,85.45,75.19,0.0,342.1,11.04,0.0,0.0
268,Inglewood,California,2017/9,76.8,67.83,0.0,319.9,10.66,0.0,0.0
268,Inglewood,California,2017/10,79.48,66.55,0.0,336.6,10.86,0.0,0.0
268,Inglewood,California,2017/11,70.13,61.63,0.0,232.8,7.76,0.0,0.0
268,Inglewood,California,2017/12,70.03,55.84,0.0,251.4,8.11,0.0,0.0
268,Inglewood,California,2018/1,67.35,54.42,0.0,301.8,9.74,0.0,0.0
268,Inglewood,California,2018/2,65.54,52.5,0.0,296.0,10.57,0.0,0.0
268,Inglewood,California,2018/3,63.23,52.97,0.0,299.6,9.66,0.0,0.0
268,Inglewood,California,2018/4,66.67,56.7,0.0,341.7,11.39,0.0,0.0
268,Inglewood,California,2018/5,67.0,58.97,0.0,408.8,13.19,0.0,0.0
268,Inglewood,California,2018/6,71.13,62.67,0.0,431.8,14.39,0.0,0.0
269,Pompano Beach,Florida,2017/6,83.6,79.07,0.0,316.4,10.55,0.0,0.0
269,Pompano Beach,Florida,2017/7,92.48,87.97,0.0,342.9,11.06,0.0,0.0
269,Pompano Beach,Florida,2017/8,90.84,86.26,0.0,310.8,10.03,0.0,0.0
269,Pompano Beach,Florida,2017/9,86.0,79.67,0.0,291.3,9.71,0.0,0.0
269,Pompano Beach,Florida,2017/10,79.65,75.42,0.0,272.1,8.78,0.0,0.0
269,Pompano Beach,Florida,2017/11,76.87,72.1,0.0,260.6,8.69,0.0,0.0
269,Pompano Beach,Florida,2017/12,72.94,65.65,0.0,276.2,8.91,0.0,0.0
269,Pompano Beach,Florida,2018/1,71.1,60.39,0.0,269.9,8.71,0.0,0.0
269,Pompano Beach,Florida,2018/2,78.21,71.11,0.0,261.8,9.35,0.0,0.0
269,Pompano Beach,Florida,2018/3,75.65,62.42,0.0,333.2,10.75,0.0,0.0
269,Pompano Beach,Florida,2018/4,80.77,70.03,0.0,305.9,10.2,0.0,0.0
269,Pompano Beach,Florida,2018/5,81.13,75.61,0.0,268.3,8.65,0.0,0.0
269,Pompano Beach,Florida,2018/6,83.87,77.77,0.0,290.8,9.69,0.0,0.0
270,Centennial,Colorado,2017/6,78.8,55.63,0.0,427.8,14.26,0.0,0.0
270,Centennial,Colorado,2017/7,90.45,62.81,0.0,438.0,14.13,0.0,0.0
270,Centennial,Colorado,2017/8,85.71,57.45,0.0,344.7,11.12,0.0,0.0
270,Centennial,Colorado,2017/9,75.3,51.27,0.0,302.7,10.09,0.0,0.0
270,Centennial,Colorado,2017/10,60.94,35.87,0.0,307.8,9.93,6.7,0.22
270,Centennial,Colorado,2017/11,58.0,32.53,0.0,227.9,7.6,4.9,0.16
270,Centennial,Colorado,2017/12,44.48,22.9,0.0,249.2,8.04,0.9,0.03
270,Centennial,Colorado,2018/1,46.0,23.84,0.0,270.9,8.74,9.5,0.31
270,Centennial,Colorado,2018/2,41.36,22.25,0.0,274.7,9.81,20.6,0.74
270,Centennial,Colorado,2018/3,53.74,29.71,0.0,327.2,10.55,28.4,0.92
270,Centennial,Colorado,2018/4,56.7,35.23,0.0,311.7,10.39,21.9,0.73
270,Centennial,Colorado,2018/5,68.61,47.06,0.0,406.8,13.12,0.0,0.0
270,Centennial,Colorado,2018/6,80.17,56.37,0.0,408.3,13.61,0.0,0.0
271,West Palm Beach,Florida,2017/6,82.9,77.83,0.0,316.3,10.54,0.0,0.0
271,West Palm Beach,Florida,2017/7,92.39,86.1,0.0,352.4,11.37,0.0,0.0
271,West Palm Beach,Florida,2017/8,90.35,85.03,0.0,318.6,10.28,0.0,0.0
271,West Palm Beach,Florida,2017/9,85.97,79.47,0.0,299.7,9.99,0.0,0.0
271,West Palm Beach,Florida,2017/10,79.87,74.45,0.0,270.1,8.71,0.0,0.0
271,West Palm Beach,Florida,2017/11,76.6,71.37,0.0,251.1,8.37,0.0,0.0
271,West Palm Beach,Florida,2017/12,72.55,64.23,0.0,274.6,8.86,0.0,0.0
271,West Palm Beach,Florida,2018/1,70.06,59.03,0.0,249.5,8.05,0.0,0.0
271,West Palm Beach,Florida,2018/2,77.61,69.68,0.0,264.8,9.46,0.0,0.0
271,West Palm Beach,Florida,2018/3,75.55,60.71,0.0,334.5,10.79,0.0,0.0
271,West Palm Beach,Florida,2018/4,79.27,68.07,0.0,301.8,10.06,0.0,0.0
271,West Palm Beach,Florida,2018/5,80.61,73.94,0.0,266.3,8.59,0.0,0.0
271,West Palm Beach,Florida,2018/6,82.97,76.73,0.0,274.5,9.15,0.0,0.0
272,Everett,Washington,2017/6,67.87,55.9,0.0,455.2,15.17,0.0,0.0
272,Everett,Washington,2017/7,80.42,61.81,0.0,463.8,14.96,0.0,0.0
272,Everett,Washington,2017/8,78.61,63.68,0.0,372.6,12.02,0.0,0.0
272,Everett,Washington,2017/9,67.63,54.8,0.0,291.9,9.73,0.0,0.0
272,Everett,Washington,2017/10,55.32,45.87,0.0,249.8,8.06,0.0,0.0
272,Everett,Washington,2017/11,45.73,41.23,0.0,120.8,4.03,3.5,0.12
272,Everett,Washington,2017/12,41.26,34.81,0.0,171.0,5.52,2.2,0.07
272,Everett,Washington,2018/1,44.97,38.16,0.0,142.8,4.61,0.0,0.0
272,Everett,Washington,2018/2,43.93,35.68,0.0,185.8,6.64,25.1,0.9
272,Everett,Washington,2018/3,49.1,37.84,0.0,258.4,8.34,1.1,0.04
272,Everett,Washington,2018/4,54.63,43.93,0.0,261.8,8.73,0.0,0.0
272,Everett,Washington,2018/5,65.84,53.71,0.0,411.1,13.26,0.0,0.0
272,Everett,Washington,2018/6,65.5,54.9,0.0,435.8,14.53,0.0,0.0
273,Richmond,California,2017/6,71.1,58.33,0.0,416.5,13.88,0.0,0.0
273,Richmond,California,2017/7,85.16,62.48,0.0,403.8,13.03,0.0,0.0
273,Richmond,California,2017/8,78.68,62.81,0.0,328.0,10.58,0.0,0.0
273,Richmond,California,2017/9,72.0,61.1,0.0,299.3,9.98,0.0,0.0
273,Richmond,California,2017/10,68.61,56.23,0.0,320.6,10.34,0.0,0.0
273,Richmond,California,2017/11,58.0,53.03,0.0,196.9,6.56,0.0,0.0
273,Richmond,California,2017/12,57.58,46.55,0.0,225.8,7.28,0.0,0.0
273,Richmond,California,2018/1,55.16,45.06,0.0,247.3,7.98,0.0,0.0
273,Richmond,California,2018/2,60.43,43.61,0.0,285.0,10.18,0.0,0.0
273,Richmond,California,2018/3,58.42,44.97,0.0,290.7,9.38,0.0,0.0
273,Richmond,California,2018/4,63.57,49.53,0.0,318.8,10.63,0.0,0.0
273,Richmond,California,2018/5,67.06,54.65,0.0,382.0,12.32,0.0,0.0
273,Richmond,California,2018/6,71.63,57.0,0.0,427.9,14.26,0.0,0.0
274,Clovis,California,2017/6,93.17,70.27,0.0,432.9,14.43,0.0,0.0
274,Clovis,California,2017/7,107.16,82.23,0.0,434.6,14.02,0.0,0.0
274,Clovis,California,2017/8,103.39,79.03,0.0,359.6,11.6,0.0,0.0
274,Clovis,California,2017/9,90.1,66.87,0.0,344.1,11.47,0.0,0.0
274,Clovis,California,2017/10,80.55,55.32,0.0,338.7,10.93,0.0,0.0
274,Clovis,California,2017/11,67.2,50.6,0.0,241.9,8.06,0.0,0.0
274,Clovis,California,2017/12,59.45,41.23,0.0,256.1,8.26,0.0,0.0
274,Clovis,California,2018/1,57.71,42.94,0.0,268.9,8.67,0.0,0.0
274,Clovis,California,2018/2,61.89,44.21,0.0,289.2,10.33,0.0,0.0
274,Clovis,California,2018/3,62.16,46.45,0.0,297.8,9.61,0.0,0.0
274,Clovis,California,2018/4,74.23,54.43,0.0,326.3,10.88,0.0,0.0
274,Clovis,California,2018/5,82.84,62.94,0.0,424.8,13.7,0.0,0.0
274,Clovis,California,2018/6,92.73,69.53,0.0,435.0,14.5,0.0,0.0
275,Billings,Montana,2017/6,77.77,55.63,0.0,468.5,15.62,0.0,0.0
275,Billings,Montana,2017/7,96.0,65.06,0.0,467.8,15.09,0.0,0.0
275,Billings,Montana,2017/8,88.29,55.13,0.0,356.6,11.5,0.0,0.0
275,Billings,Montana,2017/9,70.37,46.17,0.0,289.6,9.65,0.0,0.0
275,Billings,Montana,2017/10,56.26,34.74,0.0,301.1,9.71,0.0,0.0
275,Billings,Montana,2017/11,39.03,26.47,0.0,181.7,6.06,21.8,0.73
275,Billings,Montana,2017/12,29.03,18.13,0.0,183.4,5.92,21.1,0.68
275,Billings,Montana,2018/1,31.94,20.81,0.0,240.8,7.77,26.0,0.84
275,Billings,Montana,2018/2,22.86,8.68,0.0,222.4,7.94,78.3,2.8
275,Billings,Montana,2018/3,39.9,26.32,0.0,287.1,9.26,21.3,0.69
275,Billings,Montana,2018/4,50.2,31.57,0.0,287.6,9.59,34.4,1.15
275,Billings,Montana,2018/5,68.65,50.06,0.0,405.0,13.06,0.0,0.0
275,Billings,Montana,2018/6,71.8,55.2,0.0,453.3,15.11,0.0,0.0
276,Waterbury,Connecticut,2017/6,74.97,63.1,0.0,389.4,12.98,0.0,0.0
276,Waterbury,Connecticut,2017/7,85.1,72.48,0.0,413.2,13.33,0.0,0.0
276,Waterbury,Connecticut,2017/8,81.23,68.87,0.0,348.2,11.23,0.0,0.0
276,Waterbury,Connecticut,2017/9,71.9,59.9,0.0,268.6,8.95,0.0,0.0
276,Waterbury,Connecticut,2017/10,64.0,52.48,0.0,251.5,8.11,0.0,0.0
276,Waterbury,Connecticut,2017/11,45.0,36.07,0.0,196.7,6.56,0.0,0.0
276,Waterbury,Connecticut,2017/12,31.9,25.55,0.0,190.1,6.13,14.8,0.48
276,Waterbury,Connecticut,2018/1,31.39,19.19,0.0,220.5,7.11,16.7,0.54
276,Waterbury,Connecticut,2018/2,42.43,31.11,0.0,221.1,7.9,36.8,1.31
276,Waterbury,Connecticut,2018/3,40.81,28.74,0.0,250.5,8.08,83.6,2.7
276,Waterbury,Connecticut,2018/4,49.9,38.57,0.0,279.1,9.3,10.4,0.35
276,Waterbury,Connecticut,2018/5,69.23,56.55,0.0,382.3,12.33,0.0,0.0
276,Waterbury,Connecticut,2018/6,75.13,62.9,0.0,376.0,12.53,0.0,0.0
277,Broken Arrow,Oklahoma,2017/6,84.83,66.93,0.0,319.3,10.64,0.0,0.0
277,Broken Arrow,Oklahoma,2017/7,95.52,76.97,0.0,354.0,11.42,0.0,0.0
277,Broken Arrow,Oklahoma,2017/8,88.45,70.81,0.0,331.1,10.68,0.0,0.0
277,Broken Arrow,Oklahoma,2017/9,84.0,62.37,0.0,310.8,10.36,0.0,0.0
277,Broken Arrow,Oklahoma,2017/10,70.42,50.81,0.0,313.6,10.12,0.0,0.0
277,Broken Arrow,Oklahoma,2017/11,58.83,44.13,0.0,237.5,7.92,0.0,0.0
277,Broken Arrow,Oklahoma,2017/12,45.48,33.03,0.0,249.8,8.06,0.7,0.02
277,Broken Arrow,Oklahoma,2018/1,42.71,25.87,0.0,278.6,8.99,0.0,0.0
277,Broken Arrow,Oklahoma,2018/2,49.29,32.57,0.0,245.9,8.78,0.0,0.0
277,Broken Arrow,Oklahoma,2018/3,59.42,41.29,0.0,299.7,9.67,0.0,0.0
277,Broken Arrow,Oklahoma,2018/4,59.87,43.4,0.0,299.7,9.99,3.1,0.1
277,Broken Arrow,Oklahoma,2018/5,82.48,64.29,0.0,310.4,10.01,0.0,0.0
277,Broken Arrow,Oklahoma,2018/6,87.53,70.7,0.0,316.1,10.54,0.0,0.0
278,Lakeland,Florida,2017/6,84.4,74.2,0.0,300.2,10.01,0.0,0.0
278,Lakeland,Florida,2017/7,93.74,82.65,0.0,331.3,10.69,0.0,0.0
278,Lakeland,Florida,2017/8,93.68,80.0,0.0,292.1,9.42,0.0,0.0
278,Lakeland,Florida,2017/9,87.6,73.73,0.0,265.5,8.85,0.0,0.0
278,Lakeland,Florida,2017/10,80.94,68.35,0.0,285.4,9.21,0.0,0.0
278,Lakeland,Florida,2017/11,76.27,60.37,0.0,261.1,8.7,0.0,0.0
278,Lakeland,Florida,2017/12,72.16,55.48,0.0,261.1,8.42,0.0,0.0
278,Lakeland,Florida,2018/1,64.94,48.23,0.0,278.5,8.98,0.0,0.0
278,Lakeland,Florida,2018/2,79.29,61.11,0.0,266.9,9.53,0.0,0.0
278,Lakeland,Florida,2018/3,74.68,53.19,0.0,326.1,10.52,0.0,0.0
278,Lakeland,Florida,2018/4,79.87,61.63,0.0,314.9,10.5,0.0,0.0
278,Lakeland,Florida,2018/5,81.74,69.19,0.0,295.6,9.54,0.0,0.0
278,Lakeland,Florida,2018/6,85.13,73.27,0.0,295.9,9.86,0.0,0.0
279,West Covina,California,2017/6,84.43,67.33,0.0,432.3,14.41,0.0,0.0
279,West Covina,California,2017/7,95.23,82.03,0.0,436.8,14.09,0.0,0.0
279,West Covina,California,2017/8,90.55,78.52,0.0,357.2,11.52,0.0,0.0
279,West Covina,California,2017/9,81.57,69.03,0.0,327.8,10.93,0.0,0.0
279,West Covina,California,2017/10,82.32,66.06,0.0,339.8,10.96,0.0,0.0
279,West Covina,California,2017/11,71.8,59.8,0.0,232.2,7.74,0.0,0.0
279,West Covina,California,2017/12,70.03,54.32,0.0,258.1,8.33,0.0,0.0
279,West Covina,California,2018/1,70.29,52.65,0.0,297.9,9.61,0.0,0.0
279,West Covina,California,2018/2,68.32,51.25,0.0,306.3,10.94,0.0,0.0
279,West Covina,California,2018/3,66.81,51.71,0.0,311.6,10.05,0.0,0.0
279,West Covina,California,2018/4,75.5,57.7,0.0,339.1,11.3,0.0,0.0
279,West Covina,California,2018/5,75.74,60.39,0.0,411.6,13.28,0.0,0.0
279,West Covina,California,2018/6,81.97,65.6,0.0,433.0,14.43,0.0,0.0
280,Boulder,Colorado,2017/6,79.67,56.93,0.0,435.0,14.5,0.0,0.0
280,Boulder,Colorado,2017/7,90.87,57.42,0.0,446.3,14.4,0.0,0.0
280,Boulder,Colorado,2017/8,82.42,56.58,0.0,346.6,11.18,0.0,0.0
280,Boulder,Colorado,2017/9,68.57,52.33,0.0,302.6,10.09,0.0,0.0
280,Boulder,Colorado,2017/10,54.32,38.32,0.0,300.3,9.69,14.9,0.48
280,Boulder,Colorado,2017/11,51.4,36.27,0.0,234.2,7.81,1.2,0.04
280,Boulder,Colorado,2017/12,39.55,27.03,0.0,245.7,7.93,7.5,0.24
280,Boulder,Colorado,2018/1,44.06,26.84,0.0,267.0,8.61,10.9,0.35
280,Boulder,Colorado,2018/2,40.18,24.21,0.0,268.0,9.57,21.7,0.78
280,Boulder,Colorado,2018/3,52.87,34.23,0.0,327.8,10.57,25.8,0.83
280,Boulder,Colorado,2018/4,57.43,36.6,0.0,314.1,10.47,16.3,0.54
280,Boulder,Colorado,2018/5,68.13,49.77,0.0,393.3,12.69,0.0,0.0
280,Boulder,Colorado,2018/6,80.13,57.97,0.0,414.6,13.82,0.0,0.0
281,Daly City,California,2017/6,61.6,53.63,0.0,413.3,13.78,0.0,0.0
281,Daly City,California,2017/7,74.68,60.52,0.0,400.7,12.93,0.0,0.0
281,Daly City,California,2017/8,71.29,62.42,0.0,297.1,9.58,0.0,0.0
281,Daly City,California,2017/9,66.4,60.23,0.0,263.4,8.78,0.0,0.0
281,Daly City,California,2017/10,61.32,54.84,0.0,298.9,9.64,0.0,0.0
281,Daly City,California,2017/11,57.47,53.73,0.0,186.4,6.21,0.0,0.0
281,Daly City,California,2017/12,55.61,48.48,0.0,226.8,7.32,0.0,0.0
281,Daly City,California,2018/1,53.9,46.16,0.0,242.2,7.81,0.0,0.0
281,Daly City,California,2018/2,57.11,44.79,0.0,284.0,10.14,0.0,0.0
281,Daly City,California,2018/3,54.97,45.29,0.0,278.1,8.97,0.0,0.0
281,Daly City,California,2018/4,56.53,48.37,0.0,320.2,10.67,0.0,0.0
281,Daly City,California,2018/5,57.87,51.35,0.0,377.3,12.17,0.0,0.0
281,Daly City,California,2018/6,60.37,53.37,0.0,425.7,14.19,0.0,0.0
282,Santa Maria,California,2017/6,69.8,55.3,0.0,435.0,14.5,0.0,0.0
282,Santa Maria,California,2017/7,88.13,73.94,0.0,405.4,13.08,0.0,0.0
282,Santa Maria,California,2017/8,82.71,67.42,0.0,342.1,11.04,0.0,0.0
282,Santa Maria,California,2017/9,78.5,62.53,0.0,323.2,10.77,0.0,0.0
282,Santa Maria,California,2017/10,78.16,56.71,0.0,337.1,10.87,0.0,0.0
282,Santa Maria,California,2017/11,69.13,51.57,0.0,246.3,8.21,0.0,0.0
282,Santa Maria,California,2017/12,69.55,45.61,0.0,258.6,8.34,0.0,0.0
282,Santa Maria,California,2018/1,64.71,47.32,0.0,293.5,9.47,0.0,0.0
282,Santa Maria,California,2018/2,65.39,45.89,0.0,303.0,10.82,0.0,0.0
282,Santa Maria,California,2018/3,63.06,46.42,0.0,295.9,9.55,0.0,0.0
282,Santa Maria,California,2018/4,65.13,50.53,0.0,337.6,11.25,0.0,0.0
282,Santa Maria,California,2018/5,66.29,52.9,0.0,394.2,12.72,0.0,0.0
282,Santa Maria,California,2018/6,69.3,55.07,0.0,432.9,14.43,0.0,0.0
283,Hillsboro,Oregon,2017/6,72.5,56.37,0.0,426.3,14.21,0.0,0.0
283,Hillsboro,Oregon,2017/7,89.23,65.71,0.0,459.2,14.81,0.0,0.0
283,Hillsboro,Oregon,2017/8,89.55,67.52,0.0,357.3,11.53,0.0,0.0
283,Hillsboro,Oregon,2017/9,74.57,57.87,0.0,284.9,9.5,0.0,0.0
283,Hillsboro,Oregon,2017/10,60.97,46.68,0.0,280.2,9.04,0.0,0.0
283,Hillsboro,Oregon,2017/11,48.23,42.57,0.0,129.7,4.32,0.0,0.0
283,Hillsboro,Oregon,2017/12,41.0,34.23,0.0,171.0,5.52,0.0,0.0
283,Hillsboro,Oregon,2018/1,45.58,37.19,0.0,167.5,5.4,0.0,0.0
283,Hillsboro,Oregon,2018/2,46.43,35.39,0.0,201.7,7.2,20.7,0.74
283,Hillsboro,Oregon,2018/3,51.29,36.87,0.0,249.0,8.03,0.7,0.02
283,Hillsboro,Oregon,2018/4,58.13,44.03,0.0,246.4,8.21,0.0,0.0
283,Hillsboro,Oregon,2018/5,69.81,53.29,0.0,392.6,12.66,0.0,0.0
283,Hillsboro,Oregon,2018/6,72.2,55.17,0.0,433.7,14.46,0.0,0.0
284,Sandy Springs,Georgia,2017/6,80.5,68.17,0.0,310.0,10.33,0.0,0.0
284,Sandy Springs,Georgia,2017/7,95.39,80.45,0.0,350.7,11.31,0.0,0.0
284,Sandy Springs,Georgia,2017/8,91.23,77.68,0.0,298.2,9.62,0.0,0.0
284,Sandy Springs,Georgia,2017/9,82.47,66.23,0.0,301.5,10.05,0.0,0.0
284,Sandy Springs,Georgia,2017/10,72.9,58.58,0.0,292.3,9.43,0.0,0.0
284,Sandy Springs,Georgia,2017/11,61.1,49.7,0.0,241.7,8.06,0.0,0.0
284,Sandy Springs,Georgia,2017/12,48.26,40.77,0.0,225.9,7.29,29.5,0.95
284,Sandy Springs,Georgia,2018/1,44.55,29.0,0.0,268.6,8.66,2.0,0.06
284,Sandy Springs,Georgia,2018/2,60.54,46.32,0.0,214.6,7.66,0.3,0.01
284,Sandy Springs,Georgia,2018/3,58.39,41.97,0.0,281.5,9.08,0.0,0.0
284,Sandy Springs,Georgia,2018/4,66.33,47.47,0.0,307.7,10.26,0.0,0.0
284,Sandy Springs,Georgia,2018/5,79.68,63.71,0.0,289.8,9.35,0.0,0.0
284,Sandy Springs,Georgia,2018/6,84.9,70.07,0.0,320.3,10.68,0.0,0.0
285,Norwalk,California,2017/6,78.83,64.8,0.0,432.3,14.41,0.0,0.0
285,Norwalk,California,2017/7,91.65,82.39,0.0,432.4,13.95,0.0,0.0
285,Norwalk,California,2017/8,88.94,75.87,0.0,345.7,11.15,0.0,0.0
285,Norwalk,California,2017/9,82.83,68.87,0.0,317.3,10.58,0.0,0.0
285,Norwalk,California,2017/10,84.87,67.48,0.0,334.4,10.79,0.0,0.0
285,Norwalk,California,2017/11,74.8,61.53,0.0,228.9,7.63,0.0,0.0
285,Norwalk,California,2017/12,73.42,55.39,0.0,249.8,8.06,0.0,0.0
285,Norwalk,California,2018/1,70.03,52.26,0.0,302.3,9.75,0.0,0.0
285,Norwalk,California,2018/2,68.21,50.71,0.0,297.1,10.61,0.0,0.0
285,Norwalk,California,2018/3,66.26,53.03,0.0,303.3,9.78,0.0,0.0
285,Norwalk,California,2018/4,72.1,57.03,0.0,342.9,11.43,0.0,0.0
285,Norwalk,California,2018/5,71.58,60.13,0.0,405.9,13.09,0.0,0.0
285,Norwalk,California,2018/6,76.3,64.0,0.0,431.2,14.37,0.0,0.0
286,Jurupa Valley,California,2017/6,76.0,60.83,0.0,432.9,14.43,0.0,0.0
286,Jurupa Valley,California,2017/7,92.39,76.23,0.0,416.8,13.45,0.0,0.0
286,Jurupa Valley,California,2017/8,87.16,71.06,0.0,353.4,11.4,0.0,0.0
286,Jurupa Valley,California,2017/9,79.5,63.47,0.0,331.0,11.03,0.0,0.0
286,Jurupa Valley,California,2017/10,78.1,57.94,0.0,336.0,10.84,0.0,0.0
286,Jurupa Valley,California,2017/11,67.23,51.63,0.0,237.9,7.93,0.0,0.0
286,Jurupa Valley,California,2017/12,67.29,46.81,0.0,257.9,8.32,0.0,0.0
286,Jurupa Valley,California,2018/1,63.81,47.29,0.0,283.7,9.15,0.0,0.0
286,Jurupa Valley,California,2018/2,65.04,43.61,0.0,299.2,10.69,0.0,0.0
286,Jurupa Valley,California,2018/3,60.48,44.61,0.0,292.7,9.44,0.0,0.0
286,Jurupa Valley,California,2018/4,65.4,49.73,0.0,333.8,11.13,0.0,0.0
286,Jurupa Valley,California,2018/5,67.81,53.29,0.0,399.0,12.87,0.0,0.0
286,Jurupa Valley,California,2018/6,73.07,58.17,0.0,432.9,14.43,0.0,0.0
287,Lewisville,Texas,2017/6,86.7,71.6,0.0,314.1,10.47,0.0,0.0
287,Lewisville,Texas,2017/7,98.48,82.61,0.0,357.3,11.53,0.0,0.0
287,Lewisville,Texas,2017/8,93.87,80.0,0.0,314.1,10.13,0.0,0.0
287,Lewisville,Texas,2017/9,88.93,69.9,0.0,310.5,10.35,0.0,0.0
287,Lewisville,Texas,2017/10,76.74,57.61,0.0,327.8,10.57,0.0,0.0
287,Lewisville,Texas,2017/11,66.1,51.53,0.0,241.6,8.05,0.0,0.0
287,Lewisville,Texas,2017/12,52.42,38.77,0.0,235.0,7.58,0.0,0.0
287,Lewisville,Texas,2018/1,52.16,32.81,0.0,283.6,9.15,0.1,0.0
287,Lewisville,Texas,2018/2,55.57,40.5,0.0,233.2,8.33,0.0,0.0
287,Lewisville,Texas,2018/3,68.19,49.87,0.0,306.7,9.89,0.0,0.0
287,Lewisville,Texas,2018/4,69.43,51.07,0.0,298.6,9.95,0.0,0.0
287,Lewisville,Texas,2018/5,86.48,67.94,0.0,329.1,10.62,0.0,0.0
287,Lewisville,Texas,2018/6,92.1,74.67,0.0,326.6,10.89,0.0,0.0
288,Greeley,Colorado,2017/6,81.43,53.03,0.0,418.9,13.96,0.0,0.0
288,Greeley,Colorado,2017/7,94.1,62.58,0.0,438.0,14.13,0.0,0.0
288,Greeley,Colorado,2017/8,88.03,55.16,0.0,357.7,11.54,0.0,0.0
288,Greeley,Colorado,2017/9,77.03,48.17,0.0,298.4,9.95,0.0,0.0
288,Greeley,Colorado,2017/10,60.48,34.71,0.0,298.0,9.61,4.1,0.13
288,Greeley,Colorado,2017/11,53.77,28.87,0.0,219.5,7.32,0.9,0.03
288,Greeley,Colorado,2017/12,39.74,18.71,0.0,227.5,7.34,4.7,0.15
288,Greeley,Colorado,2018/1,41.71,16.23,0.0,261.6,8.44,5.0,0.16
288,Greeley,Colorado,2018/2,37.79,13.54,0.0,258.5,9.23,29.7,1.06
288,Greeley,Colorado,2018/3,54.61,25.32,0.0,327.4,10.56,1.6,0.05
288,Greeley,Colorado,2018/4,59.7,30.73,0.0,311.0,10.37,8.1,0.27
288,Greeley,Colorado,2018/5,70.71,45.74,0.0,420.0,13.55,0.0,0.0
288,Greeley,Colorado,2018/6,81.4,53.47,0.0,414.8,13.83,0.0,0.0
289,Davie,Florida,2017/6,85.1,78.7,0.0,315.4,10.51,0.0,0.0
289,Davie,Florida,2017/7,93.35,87.81,0.0,340.4,10.98,0.0,0.0
289,Davie,Florida,2017/8,92.42,85.55,0.0,308.7,9.96,0.0,0.0
289,Davie,Florida,2017/9,87.63,78.27,0.0,282.9,9.43,0.0,0.0
289,Davie,Florida,2017/10,80.39,73.68,0.0,266.2,8.59,0.0,0.0
289,Davie,Florida,2017/11,78.1,69.83,0.0,256.8,8.56,0.0,0.0
289,Davie,Florida,2017/12,74.1,63.87,0.0,273.1,8.81,0.0,0.0
289,Davie,Florida,2018/1,71.35,58.9,0.0,269.1,8.68,0.0,0.0
289,Davie,Florida,2018/2,79.54,68.14,0.0,269.8,9.64,0.0,0.0
289,Davie,Florida,2018/3,77.1,61.84,0.0,338.6,10.92,0.0,0.0
289,Davie,Florida,2018/4,82.73,69.5,0.0,314.8,10.49,0.0,0.0
289,Davie,Florida,2018/5,82.45,75.03,0.0,270.7,8.73,0.0,0.0
289,Davie,Florida,2018/6,85.67,77.47,0.0,292.2,9.74,0.0,0.0
290,Green Bay,Wisconsin,2017/6,74.07,60.33,0.0,398.4,13.28,0.0,0.0
290,Green Bay,Wisconsin,2017/7,82.1,64.48,0.0,427.3,13.78,0.0,0.0
290,Green Bay,Wisconsin,2017/8,75.19,59.42,0.0,352.1,11.36,0.0,0.0
290,Green Bay,Wisconsin,2017/9,71.6,54.1,0.0,296.9,9.9,0.0,0.0
290,Green Bay,Wisconsin,2017/10,56.74,44.74,0.0,231.5,7.47,0.3,0.01
290,Green Bay,Wisconsin,2017/11,36.3,29.03,0.0,182.0,6.07,0.0,0.0
290,Green Bay,Wisconsin,2017/12,22.35,15.74,0.0,187.2,6.04,15.6,0.5
290,Green Bay,Wisconsin,2018/1,24.45,13.42,0.0,194.2,6.26,13.0,0.42
290,Green Bay,Wisconsin,2018/2,27.21,14.39,0.0,226.7,8.1,17.4,0.62
290,Green Bay,Wisconsin,2018/3,39.29,25.29,0.0,290.1,9.36,25.5,0.82
290,Green Bay,Wisconsin,2018/4,42.93,27.37,0.0,298.3,9.94,27.1,0.9
290,Green Bay,Wisconsin,2018/5,70.42,53.65,0.0,395.4,12.75,0.0,0.0
290,Green Bay,Wisconsin,2018/6,76.27,61.97,0.0,383.3,12.78,0.0,0.0
291,Tyler,Texas,2017/6,85.23,70.63,0.0,318.7,10.62,0.0,0.0
291,Tyler,Texas,2017/7,95.84,78.29,0.0,351.6,11.34,0.0,0.0
291,Tyler,Texas,2017/8,90.52,76.61,0.0,294.0,9.48,0.0,0.0
291,Tyler,Texas,2017/9,86.47,67.5,0.0,317.6,10.59,0.0,0.0
291,Tyler,Texas,2017/10,77.23,56.9,0.0,314.9,10.16,0.0,0.0
291,Tyler,Texas,2017/11,66.9,53.2,0.0,250.0,8.33,0.0,0.0
291,Tyler,Texas,2017/12,54.0,40.77,0.0,235.4,7.59,0.0,0.0
291,Tyler,Texas,2018/1,50.32,33.77,0.0,271.8,8.77,3.1,0.1
291,Tyler,Texas,2018/2,58.32,45.21,0.0,204.2,7.29,0.0,0.0
291,Tyler,Texas,2018/3,68.55,50.55,0.0,287.0,9.26,0.0,0.0
291,Tyler,Texas,2018/4,71.27,50.83,0.0,290.4,9.68,0.0,0.0
291,Tyler,Texas,2018/5,87.42,67.48,0.0,310.8,10.03,0.0,0.0
291,Tyler,Texas,2018/6,91.2,74.13,0.0,293.9,9.8,0.0,0.0
292,League City,Texas,2017/6,85.4,75.03,0.0,316.1,10.54,0.0,0.0
292,League City,Texas,2017/7,92.61,83.58,0.0,340.9,11.0,0.0,0.0
292,League City,Texas,2017/8,90.87,82.1,0.0,315.7,10.18,0.0,0.0
292,League City,Texas,2017/9,85.07,73.1,0.0,300.1,10.0,0.0,0.0
292,League City,Texas,2017/10,79.35,66.97,0.0,306.2,9.88,0.0,0.0
292,League City,Texas,2017/11,72.0,62.17,0.0,264.4,8.81,0.0,0.0
292,League City,Texas,2017/12,58.26,48.61,0.0,215.3,6.95,0.8,0.03
292,League City,Texas,2018/1,54.58,41.32,0.0,268.3,8.65,1.8,0.06
292,League City,Texas,2018/2,66.93,55.07,0.0,189.4,6.76,0.0,0.0
292,League City,Texas,2018/3,73.9,58.32,0.0,283.9,9.16,0.0,0.0
292,League City,Texas,2018/4,73.43,58.4,0.0,293.6,9.79,0.0,0.0
292,League City,Texas,2018/5,85.35,70.52,0.0,322.4,10.4,0.0,0.0
292,League City,Texas,2018/6,88.27,78.77,0.0,299.8,9.99,0.0,0.0
293,Burbank,California,2017/6,81.23,64.57,0.0,433.9,14.46,0.0,0.0
293,Burbank,California,2017/7,96.45,81.84,0.0,433.3,13.98,0.0,0.0
293,Burbank,California,2017/8,91.1,78.48,0.0,354.6,11.44,0.0,0.0
293,Burbank,California,2017/9,82.2,69.37,0.0,335.8,11.19,0.0,0.0
293,Burbank,California,2017/10,83.16,65.16,0.0,339.7,10.96,0.0,0.0
293,Burbank,California,2017/11,71.63,58.8,0.0,231.1,7.7,0.0,0.0
293,Burbank,California,2017/12,69.71,52.58,0.0,256.3,8.27,0.0,0.0
293,Burbank,California,2018/1,69.39,51.0,0.0,298.4,9.63,0.0,0.0
293,Burbank,California,2018/2,67.79,50.11,0.0,302.8,10.81,0.0,0.0
293,Burbank,California,2018/3,63.97,50.03,0.0,295.8,9.54,0.0,0.0
293,Burbank,California,2018/4,72.4,55.73,0.0,340.4,11.35,0.0,0.0
293,Burbank,California,2018/5,70.71,57.39,0.0,406.6,13.12,0.0,0.0
293,Burbank,California,2018/6,77.6,61.6,0.0,433.9,14.46,0.0,0.0
294,San Mateo,California,2017/6,70.4,58.37,0.0,414.4,13.81,0.0,0.0
294,San Mateo,California,2017/7,82.1,63.0,0.0,400.7,12.93,0.0,0.0
294,San Mateo,California,2017/8,76.71,63.71,0.0,325.7,10.51,0.0,0.0
294,San Mateo,California,2017/9,74.63,62.27,0.0,284.5,9.48,0.0,0.0
294,San Mateo,California,2017/10,70.74,56.06,0.0,315.2,10.17,0.0,0.0
294,San Mateo,California,2017/11,60.83,52.43,0.0,207.9,6.93,0.0,0.0
294,San Mateo,California,2017/12,58.65,45.74,0.0,231.9,7.48,0.0,0.0
294,San Mateo,California,2018/1,55.71,46.87,0.0,255.6,8.25,0.0,0.0
294,San Mateo,California,2018/2,59.61,46.07,0.0,283.8,10.14,0.0,0.0
294,San Mateo,California,2018/3,58.42,46.52,0.0,295.9,9.55,0.0,0.0
294,San Mateo,California,2018/4,63.1,51.13,0.0,322.8,10.76,0.0,0.0
294,San Mateo,California,2018/5,65.13,54.81,0.0,380.7,12.28,0.0,0.0
294,San Mateo,California,2018/6,70.27,58.27,0.0,429.9,14.33,0.0,0.0
295,Wichita Falls,Texas,2017/6,86.77,67.63,0.0,326.7,10.89,0.0,0.0
295,Wichita Falls,Texas,2017/7,100.61,81.32,0.0,351.8,11.35,0.0,0.0
295,Wichita Falls,Texas,2017/8,92.9,75.32,0.0,334.2,10.78,0.0,0.0
295,Wichita Falls,Texas,2017/9,86.57,65.13,0.0,310.4,10.35,0.0,0.0
295,Wichita Falls,Texas,2017/10,74.32,52.48,0.0,324.7,10.47,0.0,0.0
295,Wichita Falls,Texas,2017/11,63.4,45.23,0.0,241.3,8.04,0.0,0.0
295,Wichita Falls,Texas,2017/12,49.19,33.84,0.0,232.8,7.51,0.0,0.0
295,Wichita Falls,Texas,2018/1,50.1,28.23,0.0,298.8,9.64,0.3,0.01
295,Wichita Falls,Texas,2018/2,53.07,33.46,0.0,253.2,9.04,0.0,0.0
295,Wichita Falls,Texas,2018/3,65.39,44.26,0.0,311.7,10.05,0.0,0.0
295,Wichita Falls,Texas,2018/4,67.57,45.47,0.0,305.7,10.19,0.1,0.0
295,Wichita Falls,Texas,2018/5,87.26,64.13,0.0,341.9,11.03,0.0,0.0
295,Wichita Falls,Texas,2018/6,93.23,71.83,0.0,338.0,11.27,0.0,0.0
296,El Cajon,California,2017/6,80.03,63.67,0.0,425.8,14.19,0.0,0.0
296,El Cajon,California,2017/7,89.42,78.61,0.0,431.1,13.91,0.0,0.0
296,El Cajon,California,2017/8,86.45,74.77,0.0,353.3,11.4,0.0,0.0
296,El Cajon,California,2017/9,79.5,66.73,0.0,315.3,10.51,0.0,0.0
296,El Cajon,California,2017/10,80.48,63.48,0.0,327.0,10.55,0.0,0.0
296,El Cajon,California,2017/11,72.13,57.13,0.0,207.8,6.93,0.0,0.0
296,El Cajon,California,2017/12,69.61,48.81,0.0,248.5,8.02,0.0,0.0
296,El Cajon,California,2018/1,71.55,49.1,0.0,284.0,9.16,0.0,0.0
296,El Cajon,California,2018/2,69.07,47.14,0.0,282.3,10.08,0.0,0.0
296,El Cajon,California,2018/3,67.71,49.39,0.0,313.1,10.1,0.0,0.0
296,El Cajon,California,2018/4,73.73,54.07,0.0,332.8,11.09,0.0,0.0
296,El Cajon,California,2018/5,74.13,56.97,0.0,404.2,13.04,0.0,0.0
296,El Cajon,California,2018/6,78.6,61.5,0.0,427.0,14.23,0.0,0.0
297,Rialto,California,2017/6,88.7,68.27,0.0,430.8,14.36,0.0,0.0
297,Rialto,California,2017/7,98.58,82.29,0.0,441.1,14.23,0.0,0.0
297,Rialto,California,2017/8,92.97,81.03,0.0,358.4,11.56,0.0,0.0
297,Rialto,California,2017/9,80.87,68.57,0.0,328.9,10.96,0.0,0.0
297,Rialto,California,2017/10,80.71,63.48,0.0,331.2,10.68,0.0,0.0
297,Rialto,California,2017/11,68.7,56.63,0.0,211.0,7.03,0.0,0.0
297,Rialto,California,2017/12,66.29,50.23,0.0,256.3,8.27,0.0,0.0
297,Rialto,California,2018/1,68.61,52.0,0.0,291.8,9.41,0.0,0.0
297,Rialto,California,2018/2,66.68,49.07,0.0,301.1,10.75,0.0,0.0
297,Rialto,California,2018/3,65.0,49.87,0.0,317.6,10.25,0.0,0.0
297,Rialto,California,2018/4,75.6,55.9,0.0,342.9,11.43,0.0,0.0
297,Rialto,California,2018/5,77.13,57.94,0.0,414.3,13.36,0.0,0.0
297,Rialto,California,2018/6,86.0,65.03,0.0,431.0,14.37,0.0,0.0
298,Lakewood,New Jersey,2017/6,77.4,66.37,0.0,406.2,13.54,0.0,0.0
298,Lakewood,New Jersey,2017/7,85.16,75.55,0.0,412.8,13.32,0.0,0.0
298,Lakewood,New Jersey,2017/8,83.87,73.0,0.0,335.5,10.82,0.0,0.0
298,Lakewood,New Jersey,2017/9,74.57,63.73,0.0,283.7,9.46,0.0,0.0
298,Lakewood,New Jersey,2017/10,67.52,57.06,0.0,270.8,8.74,0.0,0.0
298,Lakewood,New Jersey,2017/11,50.33,41.43,0.0,196.9,6.56,0.0,0.0
298,Lakewood,New Jersey,2017/12,37.32,30.77,0.0,184.6,5.95,21.3,0.69
298,Lakewood,New Jersey,2018/1,37.16,24.32,0.0,229.9,7.42,5.9,0.19
298,Lakewood,New Jersey,2018/2,47.43,36.18,0.0,222.7,7.95,1.0,0.04
298,Lakewood,New Jersey,2018/3,43.77,31.87,0.0,268.2,8.65,0.7,0.02
298,Lakewood,New Jersey,2018/4,53.93,43.57,0.0,282.2,9.41,0.0,0.0
298,Lakewood,New Jersey,2018/5,71.13,59.16,0.0,363.7,11.73,0.0,0.0
298,Lakewood,New Jersey,2018/6,76.03,64.17,0.0,383.7,12.79,0.0,0.0
299,Edison,New Jersey,2017/6,78.8,65.57,0.0,399.2,13.31,0.0,0.0
299,Edison,New Jersey,2017/7,87.97,76.68,0.0,410.7,13.25,0.0,0.0
299,Edison,New Jersey,2017/8,86.81,73.61,0.0,345.3,11.14,0.0,0.0
299,Edison,New Jersey,2017/9,76.23,63.37,0.0,284.3,9.48,0.0,0.0
299,Edison,New Jersey,2017/10,68.71,56.42,0.0,269.9,8.71,0.0,0.0
299,Edison,New Jersey,2017/11,49.47,38.93,0.0,203.3,6.78,0.0,0.0
299,Edison,New Jersey,2017/12,35.65,28.68,0.0,180.2,5.81,14.3,0.46
299,Edison,New Jersey,2018/1,35.74,22.1,0.0,228.0,7.35,2.6,0.08
299,Edison,New Jersey,2018/2,45.89,33.36,0.0,217.8,7.78,1.8,0.06
299,Edison,New Jersey,2018/3,43.1,30.32,0.0,264.3,8.53,54.1,1.75
299,Edison,New Jersey,2018/4,53.8,41.03,0.0,277.4,9.25,14.4,0.48
299,Edison,New Jersey,2018/5,72.55,59.19,0.0,371.7,11.99,0.0,0.0
299,Edison,New Jersey,2018/6,77.57,64.33,0.0,373.6,12.45,0.0,0.0
300,Davenport,Iowa,2017/6,83.0,65.3,0.0,418.0,13.93,0.0,0.0
300,Davenport,Iowa,2017/7,85.87,69.52,0.0,429.9,13.87,0.0,0.0
300,Davenport,Iowa,2017/8,80.74,61.45,0.0,331.1,10.68,0.0,0.0
300,Davenport,Iowa,2017/9,78.33,53.53,0.0,324.5,10.82,0.0,0.0
300,Davenport,Iowa,2017/10,61.23,47.42,0.0,248.5,8.02,0.0,0.0
300,Davenport,Iowa,2017/11,42.93,31.83,0.0,199.5,6.65,0.0,0.0
300,Davenport,Iowa,2017/12,30.03,21.39,0.0,204.5,6.6,6.3,0.2
300,Davenport,Iowa,2018/1,28.65,16.06,0.0,226.1,7.29,8.0,0.26
300,Davenport,Iowa,2018/2,33.21,19.32,0.0,218.0,7.79,21.5,0.77
300,Davenport,Iowa,2018/3,45.13,28.74,0.0,290.3,9.36,30.0,0.97
300,Davenport,Iowa,2018/4,50.7,33.3,0.0,276.0,9.2,19.1,0.64
300,Davenport,Iowa,2018/5,78.23,58.23,0.0,372.2,12.01,0.0,0.0
300,Davenport,Iowa,2018/6,83.27,67.8,0.0,370.9,12.36,0.0,0.0
301,South Bend,Indiana,2017/6,77.4,62.93,0.0,424.0,14.13,0.0,0.0
301,South Bend,Indiana,2017/7,82.71,69.39,0.0,433.0,13.97,0.0,0.0
301,South Bend,Indiana,2017/8,78.39,62.55,0.0,327.3,10.56,0.0,0.0
301,South Bend,Indiana,2017/9,74.73,56.07,0.0,301.2,10.04,0.0,0.0
301,South Bend,Indiana,2017/10,60.97,47.45,0.0,244.0,7.87,0.0,0.0
301,South Bend,Indiana,2017/11,41.8,34.5,0.0,214.4,7.15,0.0,0.0
301,South Bend,Indiana,2017/12,29.61,23.23,0.0,156.4,5.05,9.4,0.3
301,South Bend,Indiana,2018/1,27.55,19.39,0.0,162.3,5.24,34.9,1.13
301,South Bend,Indiana,2018/2,33.11,24.0,0.0,202.1,7.22,48.0,1.71
301,South Bend,Indiana,2018/3,40.94,26.94,0.0,274.0,8.84,15.7,0.51
301,South Bend,Indiana,2018/4,47.27,31.6,0.0,266.9,8.9,10.0,0.33
301,South Bend,Indiana,2018/5,71.16,56.81,0.0,340.7,10.99,0.0,0.0
301,South Bend,Indiana,2018/6,75.43,65.07,0.0,361.5,12.05,0.0,0.0
302,Woodbridge,New Jersey,2017/6,78.07,66.13,0.0,399.3,13.31,0.0,0.0
302,Woodbridge,New Jersey,2017/7,86.35,76.35,0.0,412.9,13.32,0.0,0.0
302,Woodbridge,New Jersey,2017/8,85.94,73.77,0.0,349.8,11.28,0.0,0.0
302,Woodbridge,New Jersey,2017/9,73.9,64.03,0.0,285.6,9.52,0.0,0.0
302,Woodbridge,New Jersey,2017/10,67.29,57.81,0.0,274.3,8.85,0.0,0.0
302,Woodbridge,New Jersey,2017/11,49.5,41.23,0.0,203.2,6.77,0.0,0.0
302,Woodbridge,New Jersey,2017/12,36.65,31.32,0.0,180.3,5.82,14.8,0.48
302,Woodbridge,New Jersey,2018/1,36.23,23.74,0.0,226.4,7.3,5.9,0.19
302,Woodbridge,New Jersey,2018/2,46.39,35.14,0.0,218.1,7.79,5.6,0.2
302,Woodbridge,New Jersey,2018/3,42.61,32.19,0.0,263.0,8.48,65.8,2.12
302,Woodbridge,New Jersey,2018/4,52.67,41.77,0.0,271.9,9.06,0.0,0.0
302,Woodbridge,New Jersey,2018/5,71.16,58.58,0.0,369.7,11.93,0.0,0.0
302,Woodbridge,New Jersey,2018/6,76.0,64.53,0.0,375.7,12.52,0.0,0.0
303,Las Cruces,New Mexico,2017/6,95.7,68.93,0.0,388.7,12.96,0.0,0.0
303,Las Cruces,New Mexico,2017/7,95.42,74.23,0.0,359.6,11.6,0.0,0.0
303,Las Cruces,New Mexico,2017/8,90.55,69.42,0.0,341.9,11.03,0.0,0.0
303,Las Cruces,New Mexico,2017/9,83.77,63.2,0.0,327.3,10.91,0.0,0.0
303,Las Cruces,New Mexico,2017/10,74.32,54.1,0.0,328.5,10.6,0.0,0.0
303,Las Cruces,New Mexico,2017/11,67.7,46.57,0.0,301.6,10.05,0.0,0.0
303,Las Cruces,New Mexico,2017/12,55.0,35.32,0.0,276.3,8.91,0.0,0.0
303,Las Cruces,New Mexico,2018/1,60.26,30.68,0.0,301.8,9.74,0.0,0.0
303,Las Cruces,New Mexico,2018/2,64.93,38.5,0.0,283.1,10.11,0.0,0.0
303,Las Cruces,New Mexico,2018/3,71.45,43.58,0.0,337.4,10.88,0.0,0.0
303,Las Cruces,New Mexico,2018/4,80.8,51.9,0.0,337.8,11.26,0.0,0.0
303,Las Cruces,New Mexico,2018/5,90.71,59.1,0.0,352.3,11.36,0.0,0.0
303,Las Cruces,New Mexico,2018/6,97.17,69.1,0.0,379.3,12.64,0.0,0.0
304,Vista,California,2017/6,72.6,62.33,0.0,423.6,14.12,0.0,0.0
304,Vista,California,2017/7,87.13,77.87,0.0,435.0,14.03,0.0,0.0
304,Vista,California,2017/8,83.23,72.87,0.0,345.7,11.15,0.0,0.0
304,Vista,California,2017/9,75.63,65.87,0.0,309.7,10.32,0.0,0.0
304,Vista,California,2017/10,76.35,61.9,0.0,324.0,10.45,0.0,0.0
304,Vista,California,2017/11,69.13,56.9,0.0,222.5,7.42,0.0,0.0
304,Vista,California,2017/12,67.03,47.97,0.0,244.9,7.9,0.0,0.0
304,Vista,California,2018/1,67.13,52.16,0.0,289.4,9.34,0.0,0.0
304,Vista,California,2018/2,65.39,52.11,0.0,287.7,10.28,0.0,0.0
304,Vista,California,2018/3,64.26,51.16,0.0,317.2,10.23,0.0,0.0
304,Vista,California,2018/4,66.77,54.77,0.0,336.7,11.22,0.0,0.0
304,Vista,California,2018/5,67.55,57.55,0.0,392.6,12.66,0.0,0.0
304,Vista,California,2018/6,71.03,60.73,0.0,423.6,14.12,0.0,0.0
305,Renton,Washington,2017/6,70.03,56.93,0.0,438.1,14.6,0.0,0.0
305,Renton,Washington,2017/7,86.03,61.81,0.0,456.3,14.72,0.0,0.0
305,Renton,Washington,2017/8,85.19,66.94,0.0,368.3,11.88,0.0,0.0
305,Renton,Washington,2017/9,71.57,58.17,0.0,290.5,9.68,0.0,0.0
305,Renton,Washington,2017/10,58.39,48.03,0.0,258.7,8.35,0.0,0.0
305,Renton,Washington,2017/11,46.87,41.87,0.0,116.1,3.87,18.0,0.6
305,Renton,Washington,2017/12,41.81,35.71,0.0,163.5,5.27,0.0,0.0
305,Renton,Washington,2018/1,46.74,41.35,0.0,151.3,4.88,0.0,0.0
305,Renton,Washington,2018/2,46.11,38.29,0.0,185.8,6.64,4.0,0.14
305,Renton,Washington,2018/3,51.52,40.58,0.0,254.7,8.22,0.0,0.0
305,Renton,Washington,2018/4,56.47,46.57,0.0,265.2,8.84,0.0,0.0
305,Renton,Washington,2018/5,68.23,54.9,0.0,380.0,12.26,0.0,0.0
305,Renton,Washington,2018/6,69.37,57.27,0.0,430.4,14.35,0.0,0.0
306,Sparks,Nevada,2017/6,83.23,62.57,0.0,431.9,14.4,0.0,0.0
306,Sparks,Nevada,2017/7,93.32,73.74,0.0,449.5,14.5,0.0,0.0
306,Sparks,Nevada,2017/8,89.29,69.39,0.0,357.8,11.54,0.0,0.0
306,Sparks,Nevada,2017/9,70.37,52.93,0.0,329.2,10.97,0.0,0.0
306,Sparks,Nevada,2017/10,59.68,39.42,0.0,328.9,10.61,0.0,0.0
306,Sparks,Nevada,2017/11,49.4,33.9,0.0,223.0,7.43,0.0,0.0
306,Sparks,Nevada,2017/12,41.94,28.13,0.0,240.4,7.75,0.0,0.0
306,Sparks,Nevada,2018/1,49.87,32.16,0.0,280.3,9.04,1.2,0.04
306,Sparks,Nevada,2018/2,46.75,29.79,0.0,275.7,9.85,15.6,0.56
306,Sparks,Nevada,2018/3,49.23,32.0,0.0,313.8,10.12,40.3,1.3
306,Sparks,Nevada,2018/4,62.23,43.5,0.0,328.1,10.94,1.5,0.05
306,Sparks,Nevada,2018/5,69.94,53.19,0.0,428.9,13.84,0.0,0.0
306,Sparks,Nevada,2018/6,82.83,61.33,0.0,435.0,14.5,0.0,0.0
307,Clinton,Michigan,2017/6,77.03,62.67,0.0,427.2,14.24,0.0,0.0
307,Clinton,Michigan,2017/7,82.45,67.9,0.0,423.4,13.66,0.0,0.0
307,Clinton,Michigan,2017/8,78.55,62.68,0.0,309.2,9.97,0.0,0.0
307,Clinton,Michigan,2017/9,73.37,54.4,0.0,279.1,9.3,0.0,0.0
307,Clinton,Michigan,2017/10,61.39,46.23,0.0,255.6,8.25,0.0,0.0
307,Clinton,Michigan,2017/11,41.93,33.4,0.0,215.5,7.18,0.0,0.0
307,Clinton,Michigan,2017/12,28.35,21.87,0.0,200.3,6.46,9.1,0.29
307,Clinton,Michigan,2018/1,27.65,17.0,0.0,171.9,5.55,8.4,0.27
307,Clinton,Michigan,2018/2,33.79,24.32,0.0,201.6,7.2,37.6,1.34
307,Clinton,Michigan,2018/3,40.19,26.52,0.0,277.9,8.96,19.7,0.64
307,Clinton,Michigan,2018/4,48.43,33.53,0.0,255.7,8.52,11.7,0.39
307,Clinton,Michigan,2018/5,71.77,56.58,0.0,323.7,10.44,0.0,0.0
307,Clinton,Michigan,2018/6,76.23,63.23,0.0,396.2,13.21,0.0,0.0
308,Allen,Texas,2017/6,85.3,70.57,0.0,314.1,10.47,0.0,0.0
308,Allen,Texas,2017/7,97.16,81.77,0.0,354.0,11.42,0.0,0.0
308,Allen,Texas,2017/8,93.55,79.23,0.0,317.9,10.25,0.0,0.0
308,Allen,Texas,2017/9,88.93,69.47,0.0,309.3,10.31,0.0,0.0
308,Allen,Texas,2017/10,76.94,57.94,0.0,321.2,10.36,0.0,0.0
308,Allen,Texas,2017/11,66.07,52.13,0.0,242.4,8.08,0.0,0.0
308,Allen,Texas,2017/12,52.61,39.74,0.0,238.3,7.69,0.0,0.0
308,Allen,Texas,2018/1,50.13,32.65,0.0,278.8,8.99,0.1,0.0
308,Allen,Texas,2018/2,54.39,40.25,0.0,222.3,7.94,0.0,0.0
308,Allen,Texas,2018/3,67.03,49.45,0.0,295.4,9.53,0.0,0.0
308,Allen,Texas,2018/4,68.77,50.17,0.0,294.7,9.82,0.0,0.0
308,Allen,Texas,2018/5,85.61,67.03,0.0,328.1,10.58,0.0,0.0
308,Allen,Texas,2018/6,91.37,73.93,0.0,317.7,10.59,0.0,0.0
